20141028ORLNOP,425
20141028ORLNOP,-550
20141028DALSAS,140
20141028DALSAS,-160
20141028HOULAL,-300
20141028HOULAL,250
20141029MILCHA,320
20141029MILCHA,-400
20141029PHIIND,280
20141029PHIIND,-340
20141029BKNBOS,-110
20141029BKNBOS,-110
20141029WASMIA,170
20141029WASMIA,-200
20141029ATLTOR,165
20141029ATLTOR,-190
20141029MINMEM,290
20141029MINMEM,-350
20141029CHINYK,-200
20141029CHINYK,170
20141029DETDEN,230
20141029DETDEN,-270
20141029HOUUTA,-155
20141029HOUUTA,135
20141029LALPHX,750
20141029LALPHX,-1100
20141029GSWSAC,-210
20141029GSWSAC,175
20141029OKCPOR,350
20141029OKCPOR,-450
20141030WASORL,-200
20141030WASORL,170
20141030DETMIN,190
20141030DETMIN,-230
20141030NYKCLE,800
20141030NYKCLE,-1200
20141030UTADAL,500
20141030UTADAL,-700
20141030OKCLAC,800
20141030OKCLAC,-1200
20141031MEMIND,-260
20141031MEMIND,220
20141031CLECHI,150
20141031CLECHI,-170
20141031PHIMIL,330
20141031PHIMIL,-400
20141031SASPHX,-110
20141031SASPHX,-110
20141031PORSAC,-200
20141031PORSAC,170
20141031LACLAL,-900
20141031LACLAL,600
20141101DALNOP,-105
20141101DALNOP,-115
20141101MEMCHA,135
20141101MEMCHA,-155
20141101TORORL,-260
20141101TORORL,220
20141101MIAPHI,-450
20141101MIAPHI,350
20141101MILWAS,360
20141101MILWAS,-460
20141101INDATL,500
20141101INDATL,-700
20141101BKNDET,130
20141101BKNDET,-150
20141101BOSHOU,270
20141101BOSHOU,-330
20141101CHIMIN,-130
20141101CHIMIN,110
20141101DENOKC,-200
20141101DENOKC,170
20141101PHXUTA,110
20141101PHXUTA,-130
20141101LALGSW,975
20141101LALGSW,-1400
20141102SACLAC,450
20141102SACLAC,-600
20141102TORMIA,110
20141102TORMIA,-130
20141102CHANYK,145
20141102CHANYK,-165
20141102GSWPOR,140
20141102GSWPOR,-160
20141103HOUPHI,-800
20141103HOUPHI,550
20141103OKCBKN,240
20141103OKCBKN,-280
20141103NOPMEM,155
20141103NOPMEM,-175
20141103BOSDAL,450
20141103BOSDAL,-600
20141103SACDEN,220
20141103SACDEN,-260
20141103UTALAC,450
20141103UTALAC,-600
20141104MILIND,160
20141104MILIND,-180
20141104HOUMIA,115
20141104HOUMIA,-135
20141104WASNYK,-130
20141104WASNYK,110
20141104OKCTOR,650
20141104OKCTOR,-1000
20141104ORLCHI,450
20141104ORLCHI,-600
20141104CHANOP,155
20141104CHANOP,-175
20141104CLEPOR,-140
20141104CLEPOR,120
20141104PHXLAL,210
20141104PHXLAL,-250
20141105MIACHA,105
20141105MIACHA,-125
20141105ORLPHI,-140
20141105ORLPHI,120
20141105TORBOS,110
20141105TORBOS,-130
20141105MINBKN,180
20141105MINBKN,-220
20141105NYKDET,155
20141105NYKDET,-175
20141105CHIMIL,-210
20141105CHIMIL,175
20141105INDWAS,425
20141105INDWAS,-550
20141105ATLSAS,310
20141105ATLSAS,-380
20141105MEMPHX,105
20141105MEMPHX,-125
20141105CLEUTA,-240
20141105CLEUTA,200
20141105DENSAC,145
20141105DENSAC,-165
20141105LACGSW,175
20141105LACGSW,-210
20141106SASHOU,250
20141106SASHOU,-300
20141106DALPOR,110
20141106DALPOR,-130
20141107ATLCHA,105
20141107ATLCHA,-125
20141107MINORL,-175
20141107MINORL,155
20141107CHIPHI,-650
20141107CHIPHI,475
20141107INDBOS,200
20141107INDBOS,-240
20141107NYKBKN,200
20141107NYKBKN,-240
20141107MILDET,170
20141107MILDET,-200
20141107WASTOR,150
20141107WASTOR,-170
20141107MEMOKC,-300
20141107MEMOKC,250
20141107SACPHX,180
20141107SACPHX,-210
20141107DALUTA,-145
20141107DALUTA,125
20141107CLEDEN,-260
20141107CLEDEN,220
20141108PORLAC,160
20141108PORLAC,-180
20141108WASIND,-160
20141108WASIND,140
20141108NYKATL,240
20141108NYKATL,-280
20141108MINMIA,270
20141108MINMIA,-330
20141108BOSCHI,400
20141108BOSCHI,-500
20141108GSWHOU,-155
20141108GSWHOU,135
20141108MEMMIL,-200
20141108MEMMIL,170
20141108NOPSAS,260
20141108NOPSAS,-320
20141109ORLBKN,350
20141109ORLBKN,-450
20141109UTADET,145
20141109UTADET,-165
20141109SACOKC,-135
20141109SACOKC,115
20141109PHITOR,900
20141109PHITOR,-1600
20141109MIADAL,300
20141109MIADAL,-360
20141109GSWPHX,125
20141109GSWPHX,-145
20141109DENPOR,350
20141109DENPOR,-450
20141109CHALAL,-135
20141109CHALAL,115
20141110NOPCLE,200
20141110NOPCLE,-240
20141110UTAIND,125
20141110UTAIND,-145
20141110ATLNYK,-130
20141110ATLNYK,110
20141110DETCHI,425
20141110DETCHI,-550
20141110SASLAC,110
20141110SASLAC,-130
20141111ORLTOR,550
20141111ORLTOR,-800
20141111LALMEM,475
20141111LALMEM,-650
20141111OKCMIL,120
20141111OKCMIL,-140
20141111SACDAL,300
20141111SACDAL,-360
20141111CHAPOR,250
20141111CHAPOR,-300
20141111SASGSW,260
20141111SASGSW,-320
20141112DETWAS,220
20141112DETWAS,-260
20141112UTAATL,260
20141112UTAATL,-320
20141112OKCBOS,260
20141112OKCBOS,-320
20141112INDMIA,330
20141112INDMIA,-400
20141112ORLNYK,220
20141112ORLNYK,-260
20141112LALNOP,500
20141112LALNOP,-700
20141112PORDEN,120
20141112PORDEN,-140
20141112BKNPHX,175
20141112BKNPHX,-210
20141112HOUMIN,-280
20141112HOUMIN,240
20141113SACMEM,200
20141113SACMEM,-240
20141113CHITOR,120
20141113CHITOR,-140
20141113PHIDAL,1000
20141113PHIDAL,-1700
20141113BKNGSW,475
20141113BKNGSW,-650
20141114DENIND,125
20141114DENIND,-145
20141114MILORL,125
20141114MILORL,-145
20141114MIAATL,170
20141114MIAATL,-200
20141114CLEBOS,-240
20141114CLEBOS,200
20141114UTANYK,150
20141114UTANYK,-170
20141114PHIHOU,1700
20141114PHIHOU,-7000
20141114MINNOP,300
20141114MINNOP,-360
20141114DETOKC,135
20141114DETOKC,-155
20141114CHAPHX,220
20141114CHAPHX,-260
20141114SASLAL,-400
20141114SASLAL,330
20141115ORLWAS,375
20141115ORLWAS,-450
20141115ATLCLE,250
20141115ATLCLE,-300
20141115UTATOR,550
20141115UTATOR,-800
20141115INDCHI,350
20141115INDCHI,-450
20141115DETMEM,400
20141115DETMEM,-500
20141115MINDAL,600
20141115MINDAL,-900
20141115BKNPOR,120
20141115BKNPOR,-140
20141115SASSAC,-125
20141115SASSAC,105
20141115CHAGSW,500
20141115CHAGSW,-700
20141115PHXLAC,250
20141115PHXLAC,-300
20141116DENNYK,110
20141116DENNYK,-130
20141116MILMIA,180
20141116MILMIA,-210
20141116HOUOKC,-220
20141116HOUOKC,180
20141116GSWLAL,-420
20141116GSWLAL,340
20141117DALCHA,-180
20141117DALCHA,160
20141117DENCLE,700
20141117DENCLE,-1100
20141117PHXBOS,110
20141117PHXBOS,-130
20141117MIABKN,300
20141117MIABKN,-360
20141117ORLDET,170
20141117ORLDET,-200
20141117HOUMEM,160
20141117HOUMEM,-180
20141117PHISAS,1500
20141117PHISAS,-5950
20141117NOPPOR,145
20141117NOPPOR,-165
20141117CHILAC,250
20141117CHILAC,-300
20141118LALATL,350
20141118LALATL,-450
20141118NYKMIL,105
20141118NYKMIL,-125
20141118OKCUTA,130
20141118OKCUTA,-150
20141118NOPSAC,130
20141118NOPSAC,-150
20141119SASCLE,105
20141119SASCLE,-125
20141119CHAIND,115
20141119CHAIND,-135
20141119LACORL,-220
20141119LACORL,180
20141119BOSPHI,-260
20141119BOSPHI,220
20141119DALWAS,-150
20141119DALWAS,130
20141119MILBKN,220
20141119MILBKN,-260
20141119PHXDET,125
20141119PHXDET,-145
20141119MEMTOR,210
20141119MEMTOR,-250
20141119NYKMIN,-105
20141119NYKMIN,-115
20141119OKCDEN,280
20141119OKCDEN,-340
20141119LALHOU,550
20141119LALHOU,-800
20141120LACMIA,-180
20141120LACMIA,160
20141120CHISAC,130
20141120CHISAC,-150
20141121ORLCHA,150
20141121ORLCHA,-170
20141121PHXPHI,400
20141121PHXPHI,-500
20141121DETATL,220
20141121DETATL,-260
20141121MILTOR,350
20141121MILTOR,-450
20141121BOSMEM,230
20141121BOSMEM,-270
20141121SASMIN,-700
20141121SASMIN,500
20141121BKNOKC,105
20141121BKNOKC,-125
20141121CLEWAS,-125
20141121CLEWAS,105
20141121LALDAL,500
20141121LALDAL,-700
20141121NOPDEN,120
20141121NOPDEN,-140
20141121UTAGSW,700
20141121UTAGSW,-1000
20141121CHIPOR,320
20141121CHIPOR,-400
20141122PHXIND,110
20141122PHXIND,-130
20141122MIAORL,-125
20141122MIAORL,105
20141122TORCLE,135
20141122TORCLE,-155
20141122PHINYK,600
20141122PHINYK,-900
20141122DALHOU,-180
20141122DALHOU,160
20141122SACMIN,-450
20141122SACMIN,325
20141122WASMIL,-155
20141122WASMIL,135
20141122BKNSAS,500
20141122BKNSAS,-700
20141122NOPUTA,120
20141122NOPUTA,-140
20141123LACMEM,120
20141123LACMEM,-140
20141123PORBOS,-220
20141123PORBOS,180
20141123CHAMIA,-110
20141123CHAMIA,-110
20141123GSWOKC,-400
20141123GSWOKC,330
20141123DENLAL,-130
20141123DENLAL,110
20141124LACCHA,-185
20141124LACCHA,165
20141124ORLCLE,500
20141124ORLCLE,-700
20141124PORPHI,-1200
20141124PORPHI,800
20141124PHXTOR,170
20141124PHXTOR,-200
20141124NYKHOU,220
20141124NYKHOU,-260
20141124INDDAL,1000
20141124INDDAL,-1800
20141124CHIUTA,-165
20141124CHIUTA,145
20141125ATLWAS,165
20141125ATLWAS,-185
20141125GSWMIA,-330
20141125GSWMIA,270
20141125DETMIL,145
20141125DETMIL,-165
20141125SACNOP,210
20141125SACNOP,-250
20141125CHIDEN,165
20141125CHIDEN,-185
20141126PORCHA,-250
20141126PORCHA,210
20141126WASCLE,290
20141126WASCLE,-350
20141126GSWORL,-370
20141126GSWORL,310
20141126BKNPHI,260
20141126BKNPHI,-320
20141126NYKDAL,900
20141126NYKDAL,-1500
20141126TORATL,-165
20141126TORATL,145
20141126LACDET,-450
20141126LACDET,350
20141126SACHOU,170
20141126SACHOU,-200
20141126MILMIN,-125
20141126MILMIN,105
20141126UTAOKC,165
20141126UTAOKC,-185
20141126INDSAS,800
20141126INDSAS,-1300
20141126DENPHX,280
20141126DENPHX,-340
20141126MEMLAL,-330
20141126MEMLAL,270
20141128CHIBOS,-170
20141128CHIBOS,150
20141128GSWCHA,-450
20141128GSWCHA,350
20141128NOPATL,120
20141128NOPATL,-140
20141128MILDET,115
20141128MILDET,-135
20141128DALTOR,145
20141128DALTOR,-165
20141128LACHOU,-185
20141128LACHOU,165
20141128NYKOKC,300
20141128NYKOKC,-360
20141128ORLIND,180
20141128ORLIND,-210
20141128SACSAS,500
20141128SACSAS,-700
20141128PHXDEN,110
20141128PHXDEN,-130
20141128MEMPOR,145
20141128MEMPOR,-165
20141128MINLAL,200
20141128MINLAL,-240
20141129DALPHI,-1100
20141129DALPHI,700
20141129NOPWAS,155
20141129NOPWAS,-175
20141129CHAATL,250
20141129CHAATL,-300
20141129INDCLE,425
20141129INDCLE,-550
20141129LACUTA,-220
20141129LACUTA,180
20141129HOUMIL,140
20141129HOUMIL,-160
20141130SASBOS,-350
20141130SASBOS,290
20141130CHIBKN,-145
20141130CHIBKN,125
20141130GSWDET,-450
20141130GSWDET,350
20141130MEMSAC,-200
20141130MEMSAC,170
20141130MIANYK,-150
20141130MIANYK,130
20141130ORLPHX,400
20141130ORLPHX,-500
20141130MINPOR,800
20141130MINPOR,-1300
20141130TORLAL,-300
20141130TORLAL,250
20141201SASPHI,-900
20141201SASPHI,600
20141201MIAWAS,170
20141201MIAWAS,-200
20141201DENUTA,-170
20141201DENUTA,150
20141201MINLAC,1200
20141201MINLAC,-2000
20141202MILCLE,550
20141202MILCLE,-750
20141202BOSATL,250
20141202BOSATL,-300
20141202LALDET,110
20141202LALDET,-130
20141202BKNNYK,100
20141202BKNNYK,-120
20141202DALCHI,100
20141202DALCHI,-120
20141202OKCNOP,140
20141202OKCNOP,-160
20141202PORDEN,-155
20141202PORDEN,135
20141202INDPHX,180
20141202INDPHX,-220
20141202TORSAC,-145
20141202TORSAC,125
20141202ORLGSW,1000
20141202ORLGSW,-2000
20141203CHICHA,-165
20141203CHICHA,145
20141203LALWAS,350
20141203LALWAS,-450
20141203DETBOS,175
20141203DETBOS,-210
20141203SASBKN,-450
20141203SASBKN,350
20141203ATLMIA,170
20141203ATLMIA,-200
20141203MEMHOU,-210
20141203MEMHOU,175
20141203DALMIL,-170
20141203DALMIL,150
20141203PHIMIN,250
20141203PHIMIN,-300
20141203TORUTA,-170
20141203TORUTA,150
20141203ORLLAC,1000
20141203ORLLAC,-1800
20141204CLENYK,-340
20141204CLENYK,280
20141204INDPOR,320
20141204INDPOR,-400
20141204NOPGSW,400
20141204NOPGSW,-500
20141205NYKCHA,170
20141205NYKCHA,-200
20141205OKCPHI,900
20141205OKCPHI,-1600
20141205DENWAS,165
20141205DENWAS,-190
20141205LALBOS,130
20141205LALBOS,-150
20141205ATLBKN,-115
20141205ATLBKN,-105
20141205CLETOR,165
20141205CLETOR,-190
20141205SASMEM,100
20141205SASMEM,-120
20141205HOUMIN,-320
20141205HOUMIN,260
20141205PHXDAL,210
20141205PHXDAL,-250
20141205MIAMIL,-120
20141205MIAMIL,100
20141205ORLUTA,180
20141205ORLUTA,-220
20141205INDSAC,135
20141205INDSAC,-155
20141206PHIDET,425
20141206PHIDET,-550
20141206GSWCHI,-140
20141206GSWCHI,120
20141206PHXHOU,110
20141206PHXHOU,-130
20141206MINSAS,900
20141206MINSAS,-1600
20141206ORLSAC,210
20141206ORLSAC,-250
20141206NOPLAC,400
20141206NOPLAC,-500
20141207WASBOS,-170
20141207WASBOS,150
20141207DENATL,210
20141207DENATL,-250
20141207MIAMEM,320
20141207MIAMEM,-380
20141207OKCDET,450
20141207OKCDET,-600
20141207MILDAL,400
20141207MILDAL,-500
20141207PORNYK,-280
20141207PORNYK,240
20141207NOPLAL,125
20141207NOPLAL,-145
20141208ATLIND,-105
20141208ATLIND,-115
20141208BOSWAS,400
20141208BOSWAS,-500
20141208CLEBKN,-400
20141208CLEBKN,330
20141208DENTOR,425
20141208DENTOR,-550
20141208GSWMIN,-2500
20141208GSWMIN,1350
20141208UTASAC,180
20141208UTASAC,-220
20141208PHXLAC,290
20141208PHXLAC,-350
20141209TORCLE,225
20141209TORCLE,-265
20141209PORDET,-380
20141209PORDET,310
20141209DALMEM,125
20141209DALMEM,-145
20141209NYKNOP,230
20141209NYKNOP,-270
20141209MILOKC,450
20141209MILOKC,-600
20141209MIAPHX,170
20141209MIAPHX,-200
20141209SASUTA,-550
20141209SASUTA,425
20141209SACLAL,140
20141209SACLAL,-160
20141210BOSCHA,130
20141210BOSCHA,-150
20141210LACIND,-280
20141210LACIND,240
20141210WASORL,-220
20141210WASORL,180
20141210PHIATL,900
20141210PHIATL,-1600
20141210BKNCHI,500
20141210BKNCHI,-700
20141210PORMIN,-700
20141210PORMIN,500
20141210NYKSAS,450
20141210NYKSAS,-600
20141210NOPDAL,260
20141210NOPDAL,-320
20141210HOUGSW,400
20141210HOUGSW,-500
20141210MIADEN,200
20141210MIADEN,-240
20141211CLEOKC,260
20141211CLEOKC,-320
20141211HOUSAC,-115
20141211HOUSAC,-105
20141212PORCHI,115
20141212PORCHI,-135
20141212LACWAS,-140
20141212LACWAS,120
20141212ORLATL,375
20141212ORLATL,-475
20141212NYKBOS,230
20141212NYKBOS,-270
20141212PHIBKN,250
20141212PHIBKN,-300
20141212INDTOR,350
20141212INDTOR,-450
20141212CHAMEM,450
20141212CHAMEM,-600
20141212OKCMIN,350
20141212OKCMIN,-450
20141212CLENOP,105
20141212CLENOP,-125
20141212DETPHX,400
20141212DETPHX,-500
20141212MIAUTA,105
20141212MIAUTA,-125
20141212LALSAS,700
20141212LALSAS,-1000
20141213GSWDAL,100
20141213GSWDAL,-120
20141213BKNCHA,160
20141213BKNCHA,-180
20141213PORIND,-200
20141213PORIND,170
20141213ATLORL,-150
20141213ATLORL,130
20141213LACMIL,-240
20141213LACMIL,200
20141213MEMPHI,-700
20141213MEMPHI,500
20141213DENHOU,250
20141213DENHOU,-300
20141213DETSAC,200
20141213DETSAC,-240
20141214GSWNOP,-280
20141214GSWNOP,240
20141214CHIMIA,-300
20141214CHIMIA,250
20141214UTAWAS,600
20141214UTAWAS,-800
20141214LALMIN,-165
20141214LALMIN,145
20141214PHXOKC,260
20141214PHXOKC,-320
20141214TORNYK,-280
20141214TORNYK,240
20141214SASDEN,-220
20141214SASDEN,180
20141215CHACLE,500
20141215CHACLE,-700
20141215LALIND,170
20141215LALIND,-200
20141215BOSPHI,-210
20141215BOSPHI,175
20141215CHIATL,120
20141215CHIATL,-140
20141215ORLTOR,260
20141215ORLTOR,-320
20141215MILPHX,190
20141215MILPHX,-230
20141215SASPOR,330
20141215SASPOR,-400
20141215DETLAC,700
20141215DETLAC,-1000
20141216MINWAS,800
20141216MINWAS,-1200
20141216MIABKN,220
20141216MIABKN,-260
20141216GSWMEM,140
20141216GSWMEM,-160
20141216UTANOP,450
20141216UTANOP,-600
20141216DALNYK,-350
20141216DALNYK,290
20141216OKCSAC,310
20141216OKCSAC,-380
20141217PHXCHA,120
20141217PHXCHA,-140
20141217ATLCLE,250
20141217ATLCLE,-300
20141217ORLBOS,145
20141217ORLBOS,-165
20141217DALDET,-300
20141217DALDET,250
20141217UTAMIA,140
20141217UTAMIA,-160
20141217BKNTOR,700
20141217BKNTOR,-1000
20141217MEMSAS,135
20141217MEMSAS,-155
20141217MILPOR,450
20141217MILPOR,-600
20141217INDLAC,550
20141217INDLAC,-750
20141217HOUDEN,-155
20141217HOUDEN,135
20141218NYKCHI,800
20141218NYKCHI,-1300
20141218NOPHOU,170
20141218NOPHOU,-200
20141218MILSAC,260
20141218MILSAC,-320
20141218OKCGSW,120
20141218OKCGSW,-140
20141219UTAORL,155
20141219UTAORL,-175
20141219CHAPHI,-200
20141219CHAPHI,170
20141219MINBOS,220
20141219MINBOS,-260
20141219BKNCLE,550
20141219BKNCLE,-800
20141219TORDET,-340
20141219TORDET,280
20141219WASMIA,-250
20141219WASMIA,210
20141219CHIMEM,230
20141219CHIMEM,-270
20141219PORSAS,170
20141219PORSAS,-200
20141219LACDEN,-160
20141219LACDEN,140
20141219OKCLAL,200
20141219OKCLAL,-240
20141220PHXNYK,220
20141220PHXNYK,-260
20141220PORNOP,200
20141220PORNOP,-240
20141220UTACHA,150
20141220UTACHA,-170
20141220ATLHOU,175
20141220ATLHOU,-210
20141220SASDAL,500
20141220SASDAL,-700
20141220INDDEN,130
20141220INDDEN,-150
20141220MILLAC,500
20141220MILLAC,-700
20141221NYKTOR,800
20141221NYKTOR,-1200
20141221MEMCLE,170
20141221MEMCLE,-200
20141221LALSAC,260
20141221LALSAC,-320
20141221DETBKN,110
20141221DETBKN,-130
20141221BOSMIA,-160
20141221BOSMIA,140
20141221PHIORL,400
20141221PHIORL,-500
20141221PHXWAS,220
20141221PHXWAS,-260
20141221INDMIN,-165
20141221INDMIN,145
20141221NOPOKC,260
20141221NOPOKC,-320
20141222DENCHA,120
20141222DENCHA,-140
20141222TORCHI,155
20141222TORCHI,-175
20141222PORHOU,175
20141222PORHOU,-210
20141222UTAMEM,320
20141222UTAMEM,-400
20141222ATLDAL,165
20141222ATLDAL,-185
20141222LACSAS,-105
20141222LACSAS,-115
20141222SACGSW,600
20141222SACGSW,-800
20141223MINCLE,1000
20141223MINCLE,-1800
20141223NOPIND,105
20141223NOPIND,-125
20141223BOSORL,110
20141223BOSORL,-130
20141223CHIWAS,125
20141223CHIWAS,-145
20141223LACATL,105
20141223LACATL,-125
20141223DENBKN,150
20141223DENBKN,-170
20141223PHIMIA,290
20141223PHIMIA,-350
20141223CHAMIL,190
20141223CHAMIL,-230
20141223POROKC,170
20141223POROKC,-200
20141223DALPHX,105
20141223DALPHX,-125
20141223GSWLAL,-700
20141223GSWLAL,500
20141225WASNYK,-210
20141225WASNYK,175
20141225OKCSAS,220
20141225OKCSAS,-260
20141225CLEMIA,-250
20141225CLEMIA,210
20141225LALCHI,600
20141225LALCHI,-900
20141225GSWLAC,110
20141225GSWLAC,-130
20141226BKNBOS,105
20141226BKNBOS,-125
20141226CLEORL,-170
20141226CLEORL,150
20141226MILATL,400
20141226MILATL,-500
20141226INDDET,-150
20141226INDDET,130
20141226HOUMEM,110
20141226HOUMEM,-130
20141226SASNOP,125
20141226SASNOP,-145
20141226CHAOKC,230
20141226CHAOKC,-270
20141226LALDAL,800
20141226LALDAL,-1200
20141226MINDEN,500
20141226MINDEN,-700
20141226PHIPOR,900
20141226PHIPOR,-1600
20141226PHXSAC,180
20141226PHXSAC,-220
20141227TORLAC,170
20141227TORLAC,-200
20141227ORLCHA,220
20141227ORLCHA,-260
20141227BOSWAS,425
20141227BOSWAS,-550
20141227MEMMIA,-165
20141227MEMMIA,145
20141227NOPCHI,425
20141227NOPCHI,-550
20141227INDBKN,130
20141227INDBKN,-150
20141227ATLMIL,-185
20141227ATLMIL,165
20141227PHIUTA,450
20141227PHIUTA,-600
20141227NYKSAC,210
20141227NYKSAC,-250
20141227MINGSW,0
20141227MINGSW,-8000
20141228DETCLE,290
20141228DETCLE,-350
20141228HOUSAS,105
20141228HOUSAS,-125
20141228OKCDAL,110
20141228OKCDAL,-130
20141228NYKPOR,700
20141228NYKPOR,-1100
20141228TORDEN,-140
20141228TORDEN,120
20141228PHXLAL,180
20141228PHXLAL,-220
20141229MILCHA,130
20141229MILCHA,-150
20141229CHIIND,-200
20141229CHIIND,170
20141229SACBKN,-105
20141229SACBKN,-115
20141229ORLMIA,200
20141229ORLMIA,-240
20141229WASHOU,145
20141229WASHOU,-165
20141229UTALAC,700
20141229UTALAC,-1000
20141230DETORL,-125
20141230DETORL,105
20141230CLEATL,250
20141230CLEATL,-300
20141230BKNCHI,450
20141230BKNCHI,-600
20141230SASMEM,-110
20141230SASMEM,-110
20141230PHXNOP,110
20141230PHXNOP,-130
20141230WASDAL,180
20141230WASDAL,-220
20141230LALDEN,200
20141230LALDEN,-240
20141230MINUTA,250
20141230MINUTA,-300
20141230TORPOR,145
20141230TORPOR,-165
20141230PHIGSW,1800
20141230PHIGSW,-8000
20141231SACBOS,-130
20141231SACBOS,110
20141231MIAIND,150
20141231MIAIND,-170
20141231NYKLAC,750
20141231NYKLAC,-1100
20141231CHAHOU,600
20141231CHAHOU,-900
20141231MILCLE,-115
20141231MILCLE,-105
20141231PHXOKC,290
20141231PHXOKC,-350
20141231NOPSAS,180
20141231NOPSAS,-220
20150101DENCHI,500
20150101DENCHI,-700
20150101SACMIN,-185
20150101SACMIN,165
20150102CLECHA,-125
20150102CLECHA,105
20150102BKNORL,125
20150102BKNORL,-145
20150102DALBOS,-260
20150102DALBOS,220
20150102DETNYK,-200
20150102DETNYK,170
20150102HOUNOP,-135
20150102HOUNOP,115
20150102WASOKC,260
20150102WASOKC,-320
20150102INDMIL,110
20150102INDMIL,-130
20150102PHIPHX,1100
20150102PHIPHX,-1800
20150102ATLUTA,-200
20150102ATLUTA,170
20150102TORGSW,170
20150102TORGSW,-200
20150102MEMLAL,-180
20150102MEMLAL,160
20150103CHAORL,155
20150103CHAORL,-175
20150103BOSCHI,450
20150103BOSCHI,-600
20150103MIAHOU,240
20150103MIAHOU,-280
20150103UTAMIN,105
20150103UTAMIN,-125
20150103WASSAS,200
20150103WASSAS,-240
20150103MEMDEN,105
20150103MEMDEN,-125
20150103ATLPOR,205
20150103ATLPOR,-245
20150103PHILAC,2731
20150103PHILAC,-4394
20150104DALCLE,-350
20150104DALCLE,290
20150104SACDET,145
20150104SACDET,-165
20150104BKNMIA,115
20150104BKNMIA,-135
20150104MILNYK,-320
20150104MILNYK,260
20150104TORPHX,100
20150104TORPHX,-120
20150104INDLAL,-110
20150104INDLAL,-110
20150105CLEPHI,-200
20150105CLEPHI,170
20150105CHABOS,200
20150105CHABOS,-240
20150105DALBKN,-320
20150105DALBKN,260
20150105HOUCHI,135
20150105HOUCHI,-155
20150105NYKMEM,1275
20150105NYKMEM,-2100
20150105DENMIN,-210
20150105DENMIN,180
20150105WASNOP,135
20150105WASNOP,-155
20150105INDUTA,105
20150105INDUTA,-125
20150105LALPOR,800
20150105LALPOR,-1200
20150105OKCGSW,130
20150105OKCGSW,-150
20150105ATLLAC,200
20150105ATLLAC,-240
20150106PHXMIL,170
20150106PHXMIL,-200
20150106DETSAS,310
20150106DETSAS,-380
20150107NOPCHA,170
20150107NOPCHA,-200
20150107HOUCLE,-260
20150107HOUCLE,220
20150107MILPHI,-280
20150107MILPHI,240
20150107NYKWAS,1350
20150107NYKWAS,-2500
20150107MEMATL,155
20150107MEMATL,-175
20150107BOSBKN,175
20150107BOSBKN,-200
20150107UTACHI,500
20150107UTACHI,-700
20150107DETDAL,400
20150107DETDAL,-500
20150107ORLDEN,250
20150107ORLDEN,-300
20150107PHXMIN,320
20150107PHXMIN,-400
20150107OKCSAC,290
20150107OKCSAC,-350
20150107INDGSW,600
20150107INDGSW,-900
20150107LALLAC,500
20150107LALLAC,-700
20150108CHATOR,700
20150108CHATOR,-1100
20150108HOUNYK,-1100
20150108HOUNYK,700
20150108MIAPOR,330
20150108MIAPOR,-400
20150109BOSIND,210
20150109BOSIND,-250
20150109PHIBKN,500
20150109PHIBKN,-700
20150109ATLDET,-145
20150109ATLDET,125
20150109MEMNOP,100
20150109MEMNOP,-120
20150109UTAOKC,600
20150109UTAOKC,-900
20150109CHIWAS,-105
20150109CHIWAS,-115
20150109MINMIL,400
20150109MINMIL,-500
20150109PHXSAS,180
20150109PHXSAS,-220
20150109DENSAC,170
20150109DENSAC,-200
20150109CLEGSW,800
20150109CLEGSW,-1400
20150109ORLLAL,110
20150109ORLLAL,-130
20150110CHANYK,-330
20150110CHANYK,270
20150110DALLAC,145
20150110DALLAC,-165
20150110BKNDET,180
20150110BKNDET,-220
20150110INDPHI,-300
20150110INDPHI,250
20150110BOSTOR,600
20150110BOSTOR,-900
20150110MILCHI,210
20150110MILCHI,-250
20150110UTAHOU,575
20150110UTAHOU,-850
20150110SASMIN,-600
20150110SASMIN,450
20150110ORLPOR,1000
20150110ORLPOR,-2000
20150111WASATL,155
20150111WASATL,-175
20150111MIALAC,450
20150111MIALAC,-600
20150111PHXMEM,145
20150111PHXMEM,-165
20150111CLESAC,135
20150111CLESAC,-155
20150111PORLAL,-270
20150111PORLAL,230
20150112NOPBOS,200
20150112NOPBOS,-240
20150112HOUBKN,-300
20150112HOUBKN,250
20150112DETTOR,200
20150112DETTOR,-240
20150112ORLCHI,575
20150112ORLCHI,-850
20150113MININD,550
20150113MININD,-800
20150113ATLPHI,-700
20150113ATLPHI,500
20150113SASWAS,-110
20150113SASWAS,-110
20150113CLEPHX,165
20150113CLEPHX,-185
20150113GSWUTA,-400
20150113GSWUTA,320
20150113DALSAC,-230
20150113DALSAC,190
20150113MIALAL,-140
20150113MIALAL,120
20150114SASCHA,-200
20150114SASCHA,170
20150114HOUORL,-500
20150114HOUORL,400
20150114MEMBKN,-300
20150114MEMBKN,250
20150114NOPDET,155
20150114NOPDET,-175
20150114PHITOR,1700
20150114PHITOR,-7900
20150114WASCHI,200
20150114WASCHI,-240
20150114ATLBOS,-240
20150114ATLBOS,200
20150114DALDEN,175
20150114DALDEN,-210
20150114MIAGSW,1200
20150114MIAGSW,-3000
20150114LACPOR,145
20150114LACPOR,-165
20150115OKCHOU,130
20150115OKCHOU,-150
20150115NYKMIL,280
20150115NYKMIL,-340
20150115CLELAL,-270
20150115CLELAL,230
20150116DETIND,100
20150116DETIND,-120
20150116MEMORL,-230
20150116MEMORL,190
20150116NOPPHI,250
20150116NOPPHI,-300
20150116BKNWAS,450
20150116BKNWAS,-600
20150116CHIBOS,-220
20150116CHIBOS,180
20150116ATLTOR,-130
20150116ATLTOR,110
20150116GSWOKC,-115
20150116GSWOKC,-105
20150116DENDAL,320
20150116DENDAL,-400
20150116PORSAS,165
20150116PORSAS,-190
20150116MINPHX,1000
20150116MINPHX,-2000
20150116LALUTA,310
20150116LALUTA,-370
20150116MIASAC,140
20150116MIASAC,-160
20150116CLELAC,320
20150116CLELAC,-400
20150117INDCHA,-140
20150117INDCHA,120
20150117PHIDET,800
20150117PHIDET,-1200
20150117ATLCHI,-160
20150117ATLCHI,140
20150117GSWHOU,110
20150117GSWHOU,-130
20150117PORMEM,125
20150117PORMEM,-145
20150117WASBKN,-240
20150117WASBKN,200
20150117MINDEN,600
20150117MINDEN,-900
20150117LACSAC,-550
20150117LACSAC,425
20150118NOPTOR,500
20150118NOPTOR,-700
20150118OKCORL,400
20150118OKCORL,-500
20150118UTASAS,700
20150118UTASAS,-1000
20150119MINCHA,200
20150119MINCHA,-240
20150119PHIWAS,1000
20150119PHIWAS,-2000
20150119DETATL,290
20150119DETATL,-350
20150119BOSLAC,750
20150119BOSLAC,-1100
20150119DENGSW,1000
20150119DENGSW,-1800
20150119DALMEM,120
20150119DALMEM,-140
20150119INDHOU,450
20150119INDHOU,-600
20150119NOPNYK,165
20150119NOPNYK,-185
20150119TORMIL,100
20150119TORMIL,-120
20150119CHICLE,170
20150119CHICLE,-200
20150119SACPOR,450
20150119SACPOR,-600
20150119LALPHX,450
20150119LALPHX,-600
20150120OKCMIA,270
20150120OKCMIA,-330
20150120SASDEN,-450
20150120SASDEN,350
20150121MIACHA,210
20150121MIACHA,-250
20150121UTACLE,425
20150121UTACLE,-550
20150121NYKPHI,-150
20150121NYKPHI,130
20150121INDATL,500
20150121INDATL,-700
20150121ORLDET,310
20150121ORLDET,-370
20150121TORMEM,210
20150121TORMEM,-250
20150121DALMIN,-500
20150121DALMIN,400
20150121LALNOP,260
20150121LALNOP,-320
20150121OKCWAS,-110
20150121OKCWAS,-110
20150121PORPHX,260
20150121PORPHX,-320
20150121BKNSAC,200
20150121BKNSAC,-240
20150121HOUGSW,310
20150121HOUGSW,-380
20150122SASCHI,-240
20150122SASCHI,200
20150122UTAMIL,320
20150122UTAMIL,-400
20150122BOSPOR,250
20150122BOSPOR,-300
20150122BKNLAC,800
20150122BKNLAC,-1200
20150123TORPHI,-1200
20150123TORPHI,800
20150123OKCATL,150
20150123OKCATL,-170
20150123CHACLE,450
20150123CHACLE,-600
20150123INDMIA,135
20150123INDMIA,-155
20150123ORLNYK,-150
20150123ORLNYK,130
20150123CHIDAL,200
20150123CHIDAL,-240
20150123NOPMIN,220
20150123NOPMIN,-260
20150123LALSAS,1275
20150123LALSAS,-2100
20150123BOSDEN,230
20150123BOSDEN,-270
20150123HOUPHX,110
20150123HOUPHX,-130
20150123SACGSW,1350
20150123SACGSW,-2500
20150124NYKCHA,400
20150124NYKCHA,-500
20150124DETMIL,-150
20150124DETMIL,130
20150124PHIMEM,1700
20150124PHIMEM,-7000
20150124BKNUTA,155
20150124BKNUTA,-175
20150124WASPOR,-160
20150124WASPOR,140
20150125MIACHI,290
20150125MIACHI,-350
20150125OKCCLE,140
20150125OKCCLE,-160
20150125LACPHX,-145
20150125LACPHX,125
20150125DALNOP,-165
20150125DALNOP,145
20150125MINATL,2000
20150125MINATL,-7000
20150125INDORL,-125
20150125INDORL,105
20150125MILSAS,600
20150125MILSAS,-800
20150125DETTOR,300
20150125DETTOR,-360
20150125BOSGSW,2000
20150125BOSGSW,-9900
20150125WASDEN,-160
20150125WASDEN,140
20150125HOULAL,-450
20150125HOULAL,350
20150126ORLMEM,750
20150126ORLMEM,-1100
20150126PHINOP,0
20150126PHINOP,-3000
20150126MINOKC,900
20150126MINOKC,-1600
20150126BOSUTA,280
20150126BOSUTA,-340
20150126DENLAC,1000
20150126DENLAC,-2000
20150127TORIND,-155
20150127TORIND,135
20150127CLEDET,-420
20150127CLEDET,340
20150127MILMIA,110
20150127MILMIA,-130
20150127MEMDAL,210
20150127MEMDAL,-250
20150127CHIGSW,525
20150127CHIGSW,-750
20150127WASLAL,-450
20150127WASLAL,350
20150128PORCLE,120
20150128PORCLE,-140
20150128DETPHI,-360
20150128DETPHI,300
20150128BKNATL,1000
20150128BKNATL,-1800
20150128SACTOR,190
20150128SACTOR,-230
20150128DALHOU,155
20150128DALHOU,-175
20150128BOSMIN,-180
20150128BOSMIN,160
20150128DENNOP,200
20150128DENNOP,-240
20150128OKCNYK,300
20150128OKCNYK,-360
20150128CHASAS,900
20150128CHASAS,-1600
20150128LACUTA,-300
20150128LACUTA,250
20150128WASPHX,210
20150128WASPHX,-250
20150129MILORL,-175
20150129MILORL,155
20150129DENMEM,425
20150129DENMEM,-550
20150129NYKIND,300
20150129NYKIND,-360
20150129CHILAL,-500
20150129CHILAL,400
20150130MINPHI,-175
20150130MINPHI,155
20150130PORATL,200
20150130PORATL,-240
20150130HOUBOS,-300
20150130HOUBOS,250
20150130TORBKN,-330
20150130TORBKN,270
20150130SACCLE,450
20150130SACCLE,-600
20150130LACNOP,-380
20150130LACNOP,320
20150130DALMIA,-360
20150130DALMIA,300
20150130GSWUTA,-550
20150130GSWUTA,425
20150130CHIPHX,220
20150130CHIPHX,-260
20150131SACIND,180
20150131SACIND,-220
20150131DALORL,-320
20150131DALORL,260
20150131TORWAS,180
20150131TORWAS,-220
20150131PHIATL,1500
20150131PHIATL,-5000
20150131HOUDET,-185
20150131HOUDET,165
20150131OKCMEM,155
20150131OKCMEM,-175
20150131CLEMIN,-750
20150131CLEMIN,550
20150131PORMIL,-130
20150131PORMIL,110
20150131CHADEN,170
20150131CHADEN,-200
20150131LACSAS,170
20150131LACSAS,-200
20150131PHXGSW,450
20150131PHXGSW,-600
20150201MIABOS,145
20150201MIABOS,-165
20150201LALNYK,130
20150201LALNYK,-150
20150202PHICLE,2000
20150202PHICLE,-4000
20150202CHAWAS,300
20150202CHAWAS,-360
20150202LACBKN,-400
20150202LACBKN,320
20150202MILTOR,210
20150202MILTOR,-250
20150202ATLNOP,-150
20150202ATLNOP,130
20150202ORLOKC,500
20150202ORLOKC,-700
20150202MINDAL,500
20150202MINDAL,-700
20150202MEMPHX,-145
20150202MEMPHX,125
20150203DENPHI,-320
20150203DENPHI,260
20150203MIADET,150
20150203MIADET,-170
20150203BOSNYK,-115
20150203BOSNYK,-105
20150203UTAPOR,320
20150203UTAPOR,-400
20150203GSWSAC,-600
20150203GSWSAC,450
20150204DETIND,160
20150204DETIND,-180
20150204WASATL,200
20150204WASATL,-240
20150204DENBOS,145
20150204DENBOS,-165
20150204BKNTOR,270
20150204BKNTOR,-330
20150204CHIHOU,135
20150204CHIHOU,-155
20150204LALMIL,400
20150204LALMIL,-500
20150204MIAMIN,110
20150204MIAMIN,-130
20150204OKCNOP,150
20150204OKCNOP,-170
20150204ORLSAS,900
20150204ORLSAS,-1600
20150204MEMUTA,-280
20150204MEMUTA,240
20150204DALGSW,330
20150204DALGSW,-420
20150205WASCHA,-130
20150205WASCHA,110
20150205LACCLE,160
20150205LACCLE,-180
20150205DALSAC,-160
20150205DALSAC,140
20150205PHXPOR,170
20150205PHXPOR,-200
20150206NYKBKN,230
20150206NYKBKN,-270
20150206CLEIND,-260
20150206CLEIND,220
20150206LALORL,170
20150206LALORL,-200
20150206GSWATL,-130
20150206GSWATL,110
20150206PHIBOS,320
20150206PHIBOS,-400
20150206DENDET,230
20150206DENDET,-270
20150206LACTOR,-120
20150206LACTOR,100
20150206MILHOU,180
20150206MILHOU,-220
20150206MEMMIN,-400
20150206MEMMIN,320
20150206NOPOKC,220
20150206NOPOKC,-260
20150206UTAPHX,175
20150206UTAPHX,-210
20150206MIASAS,800
20150206MIASAS,-1200
20150207CHINOP,-130
20150207CHINOP,110
20150207BKNWAS,220
20150207BKNWAS,-260
20150207GSWNYK,-2500
20150207GSWNYK,1350
20150207CHAPHI,-400
20150207CHAPHI,330
20150207PORDAL,125
20150207PORDAL,-145
20150207BOSMIL,240
20150207BOSMIL,-280
20150207SACUTA,200
20150207SACUTA,-240
20150208LACOKC,290
20150208LACOKC,-350
20150208LALCLE,1375
20150208LALCLE,-2200
20150208ATLMEM,130
20150208ATLMEM,-150
20150208INDCHA,-130
20150208INDCHA,110
20150208MINDET,300
20150208MINDET,-360
20150208CHIORL,-280
20150208CHIORL,240
20150208PORHOU,170
20150208PORHOU,-200
20150208SASTOR,-130
20150208SASTOR,110
20150208PHXSAC,290
20150208PHXSAC,-350
20150209SASIND,-220
20150209SASIND,180
20150209GSWPHI,-4000
20150209GSWPHI,0
20150209ORLWAS,500
20150209ORLWAS,-700
20150209NYKMIA,170
20150209NYKMIA,-200
20150209BKNMIL,180
20150209BKNMIL,-220
20150209ATLMIN,-265
20150209ATLMIN,225
20150209UTANOP,125
20150209UTANOP,-145
20150209LACDAL,350
20150209LACDAL,-450
20150209OKCDEN,250
20150209OKCDEN,-300
20150210DETCHA,110
20150210DETCHA,-130
20150210HOUPHX,120
20150210HOUPHX,-140
20150210SACCHI,500
20150210SACCHI,-700
20150210BKNMEM,800
20150210BKNMEM,-1200
20150210DENLAL,100
20150210DENLAL,-120
20150211NYKORL,210
20150211NYKORL,-250
20150211ATLBOS,-300
20150211ATLBOS,250
20150211SASDET,-280
20150211SASDET,240
20150211WASTOR,170
20150211WASTOR,-200
20150211SACMIL,450
20150211SACMIL,-600
20150211GSWMIN,-500
20150211GSWMIN,400
20150211INDNOP,-120
20150211INDNOP,100
20150211MEMOKC,170
20150211MEMOKC,-200
20150211MIACLE,750
20150211MIACLE,-1200
20150211UTADAL,180
20150211UTADAL,-220
20150211LALPOR,1000
20150211LALPOR,-1800
20150211HOULAC,130
20150211HOULAC,-150
20150212CLECHI,-125
20150212CLECHI,105
20150219DALOKC,170
20150219DALOKC,-200
20150219SASLAC,-145
20150219SASLAC,125
20150220NOPORL,200
20150220NOPORL,-240
20150220INDPHI,-420
20150220INDPHI,330
20150220TORATL,190
20150220TORATL,-230
20150220CHIDET,-250
20150220CHIDET,210
20150220MIANYK,-300
20150220MIANYK,250
20150220PHXMIN,105
20150220PHXMIN,-125
20150220CLEWAS,-160
20150220CLEWAS,140
20150220HOUDAL,120
20150220HOUDAL,-140
20150220DENMIL,320
20150220DENMIL,-400
20150220PORUTA,-200
20150220PORUTA,170
20150220BOSSAC,155
20150220BOSSAC,-175
20150220SASGSW,300
20150220SASGSW,-360
20150220BKNLAL,135
20150220BKNLAL,-155
20150221OKCCHA,160
20150221OKCCHA,-180
20150221NOPMIA,120
20150221NOPMIA,-140
20150221PHXCHI,320
20150221PHXCHI,-400
20150221TORHOU,115
20150221TORHOU,-135
20150221SACLAC,450
20150221SACLAC,-600
20150222CLENYK,-3500
20150222CLENYK,1300
20150222ATLMIL,-220
20150222ATLMIL,180
20150222WASDET,-140
20150222WASDET,120
20150222GSWIND,-180
20150222GSWIND,160
20150222PHIORL,350
20150222PHIORL,-450
20150222DENOKC,320
20150222DENOKC,-400
20150222CHADAL,425
20150222CHADAL,-550
20150222MEMPOR,105
20150222MEMPOR,-125
20150222BOSLAL,-150
20150222BOSLAL,130
20150223PHIMIA,600
20150223PHIMIA,-900
20150223MILCHI,250
20150223MILCHI,-300
20150223MINHOU,300
20150223MINHOU,-400
20150223TORNOP,-340
20150223TORNOP,280
20150223BKNDEN,115
20150223BKNDEN,-135
20150223BOSPHX,300
20150223BOSPHX,-360
20150223SASUTA,-240
20150223SASUTA,200
20150223MEMLAC,145
20150223MEMLAC,-165
20150224GSWWAS,-300
20150224GSWWAS,250
20150224CLEDET,-300
20150224CLEDET,250
20150224INDOKC,260
20150224INDOKC,-320
20150224TORDAL,170
20150224TORDAL,-200
20150225MIAORL,-165
20150225MIAORL,145
20150225DALATL,350
20150225DALATL,-450
20150225NYKBOS,500
20150225NYKBOS,-700
20150225CHACHI,260
20150225CHACHI,-320
20150225LACHOU,145
20150225LACHOU,-165
20150225PHIMIL,500
20150225PHIMIL,-700
20150225WASMIN,120
20150225WASMIN,-140
20150225BKNNOP,125
20150225BKNNOP,-145
20150225PHXDEN,210
20150225PHXDEN,-250
20150225LALUTA,425
20150225LALUTA,-550
20150225MEMSAC,-300
20150225MEMSAC,250
20150225SASPOR,125
20150225SASPOR,-145
20150226GSWCLE,135
20150226GSWCLE,-155
20150226OKCPHX,175
20150226OKCPHX,-210
20150227CLEIND,120
20150227CLEIND,-140
20150227WASPHI,-330
20150227WASPHI,270
20150227ORLATL,550
20150227ORLATL,-800
20150227CHABOS,105
20150227CHABOS,-125
20150227NYKDET,900
20150227NYKDET,-1600
20150227GSWTOR,-130
20150227GSWTOR,110
20150227MINCHI,180
20150227MINCHI,-220
20150227BKNHOU,300
20150227BKNHOU,-360
20150227LACMEM,170
20150227LACMEM,-200
20150227MIANOP,-130
20150227MIANOP,110
20150227UTADEN,170
20150227UTADEN,-200
20150227SASSAC,-500
20150227SASSAC,400
20150227MILLAL,-260
20150227MILLAL,220
20150227OKCPOR,210
20150227OKCPOR,-250
20150228DETWAS,170
20150228DETWAS,-200
20150228ATLMIA,-140
20150228ATLMIA,120
20150228TORNYK,-800
20150228TORNYK,550
20150228MEMMIN,-260
20150228MEMMIN,220
20150228BKNDAL,320
20150228BKNDAL,-400
20150228SASPHX,115
20150228SASPHX,-135
20150228MILUTA,145
20150228MILUTA,-165
20150301LACCHI,-135
20150301LACCHI,115
20150301OKCLAL,155
20150301OKCLAL,-175
20150301PORSAC,-400
20150301PORSAC,320
20150301GSWBOS,-400
20150301GSWBOS,330
20150301PHIIND,600
20150301PHIIND,-900
20150301CHAORL,-125
20150301CHAORL,105
20150301CLEHOU,-110
20150301CLEHOU,-110
20150301NOPDEN,165
20150301NOPDEN,-185
20150302TORPHI,-500
20150302TORPHI,400
20150302GSWBKN,-240
20150302GSWBKN,200
20150302PHXMIA,105
20150302PHXMIA,-125
20150302LACMIN,-270
20150302LACMIN,230
20150302NOPDAL,300
20150302NOPDAL,-360
20150303LALCHA,350
20150303LALCHA,-450
20150303BOSCLE,550
20150303BOSCLE,-800
20150303HOUATL,330
20150303HOUATL,-400
20150303WASCHI,-125
20150303WASCHI,105
20150303UTAMEM,260
20150303UTAMEM,-320
20150303MILDEN,-240
20150303MILDEN,200
20150304NYKIND,950
20150304NYKIND,-1450
20150304PHXORL,160
20150304PHXORL,-180
20150304UTABOS,105
20150304UTABOS,-125
20150304CHABKN,190
20150304CHABKN,-230
20150304CLETOR,-200
20150304CLETOR,170
20150304MEMHOU,140
20150304MEMHOU,-160
20150304DENMIN,250
20150304DENMIN,-300
20150304DETNOP,180
20150304DETNOP,-220
20150304PHIOKC,1200
20150304PHIOKC,-2000
20150304LALMIA,400
20150304LALMIA,-500
20150304SACSAS,500
20150304SACSAS,-700
20150304MILGSW,900
20150304MILGSW,-1600
20150304PORLAC,-130
20150304PORLAC,110
20150305OKCCHI,100
20150305OKCCHI,-120
20150305DALPOR,130
20150305DALPOR,-150
20150306TORCHA,100
20150306TORCHA,-120
20150306CHIIND,200
20150306CHIIND,-240
20150306SACORL,-155
20150306SACORL,135
20150306UTAPHI,290
20150306UTAPHI,-350
20150306CLEATL,-125
20150306CLEATL,105
20150306PHXBKN,120
20150306PHXBKN,-140
20150306DETHOU,280
20150306DETHOU,-340
20150306LALMEM,600
20150306LALMEM,-900
20150306BOSNOP,250
20150306BOSNOP,-300
20150306MIAWAS,200
20150306MIAWAS,-240
20150306DENSAS,600
20150306DENSAS,-900
20150306DALGSW,600
20150306DALGSW,-800
20150307MEMNOP,105
20150307MEMNOP,-125
20150307PHXCLE,500
20150307PHXCLE,-700
20150307SACMIA,-120
20150307SACMIA,100
20150307INDNYK,-500
20150307INDNYK,400
20150307ATLPHI,-360
20150307ATLPHI,300
20150307PORMIN,-220
20150307PORMIN,180
20150307WASMIL,170
20150307WASMIL,-200
20150307HOUDEN,-180
20150307HOUDEN,160
20150308CHISAS,425
20150308CHISAS,-550
20150308LACGSW,350
20150308LACGSW,-450
20150308UTABKN,110
20150308UTABKN,-130
20150308CHADET,-120
20150308CHADET,100
20150308BOSORL,-140
20150308BOSORL,120
20150308TOROKC,220
20150308TOROKC,-260
20150308DALLAL,-350
20150308DALLAL,290
20150309WASCHA,125
20150309WASCHA,-145
20150309SACATL,600
20150309SACATL,-900
20150309BOSMIA,120
20150309BOSMIA,-140
20150309MEMCHI,-240
20150309MEMCHI,200
20150309NOPMIL,105
20150309NOPMIL,-125
20150309NYKDEN,450
20150309NYKDEN,-600
20150309GSWPHX,-230
20150309GSWPHX,190
20150309MINLAC,290
20150309MINLAC,-350
20150310ORLIND,320
20150310ORLIND,-400
20150310NOPBKN,125
20150310NOPBKN,-145
20150310CLEDAL,-180
20150310CLEDAL,160
20150310TORSAS,250
20150310TORSAS,-300
20150310NYKUTA,925
20150310NYKUTA,-1400
20150310DETLAL,-165
20150310DETLAL,145
20150311SACCHA,320
20150311SACCHA,-380
20150311CHIPHI,-260
20150311CHIPHI,220
20150311MEMBOS,-260
20150311MEMBOS,220
20150311BKNMIA,160
20150311BKNMIA,-180
20150311ORLMIL,300
20150311ORLMIL,-360
20150311LACOKC,230
20150311LACOKC,-270
20150311ATLDEN,-300
20150311ATLDEN,250
20150311MINPHX,180
20150311MINPHX,-210
20150311DETGSW,1200
20150311DETGSW,-2000
20150311HOUPOR,120
20150311HOUPOR,-140
20150312MILIND,250
20150312MILIND,-300
20150312MEMWAS,330
20150312MEMWAS,-400
20150312CLESAS,-125
20150312CLESAS,105
20150312HOUUTA,-135
20150312HOUUTA,115
20150312NYKLAL,250
20150312NYKLAL,-300
20150313CHICHA,-115
20150313CHICHA,-105
20150313SACPHI,-185
20150313SACPHI,165
20150313ORLBOS,175
20150313ORLBOS,-210
20150313MIATOR,180
20150313MIATOR,-220
20150313MINOKC,450
20150313MINOKC,-600
20150313LACDAL,125
20150313LACDAL,-145
20150313GSWDEN,130
20150313GSWDEN,-150
20150313ATLPHX,-265
20150313ATLPHX,225
20150313DETPOR,300
20150313DETPOR,-360
20150314BOSIND,320
20150314BOSIND,-400
20150314SACWAS,450
20150314SACWAS,-600
20150314BKNPHI,240
20150314BKNPHI,-280
20150314MILMEM,250
20150314MILMEM,-300
20150314DETUTA,300
20150314DETUTA,-360
20150314NYKGSW,2115
20150314NYKGSW,-3665
20150315CHIOKC,260
20150315CHIOKC,-320
20150315HOULAC,170
20150315HOULAC,-200
20150315DENNOP,280
20150315DENNOP,-340
20150315CLEORL,-700
20150315CLEORL,500
20150315MINSAS,1100
20150315MINSAS,-1800
20150315PORTOR,105
20150315PORTOR,-125
20150315NYKPHX,600
20150315NYKPHX,-800
20150315ATLLAL,-270
20150315ATLLAL,230
20150316TORIND,175
20150316TORIND,-210
20150316PORWAS,100
20150316PORWAS,-120
20150316PHIBOS,350
20150316PHIBOS,-450
20150316DENMEM,700
20150316DENMEM,-1100
20150316BKNMIN,170
20150316BKNMIN,-200
20150316CLEMIA,-240
20150316CLEMIA,200
20150316OKCDAL,210
20150316OKCDAL,-250
20150316CHAUTA,165
20150316CHAUTA,-185
20150316ATLSAC,-185
20150316ATLSAC,165
20150316LALGSW,2000
20150316LALGSW,-9900
20150317MEMDET,-200
20150317MEMDET,170
20150317SASNYK,-2000
20150317SASNYK,1000
20150317ORLHOU,550
20150317ORLHOU,-800
20150317MILNOP,250
20150317MILNOP,-300
20150317CHALAC,450
20150317CHALAC,-600
20150318BKNCLE,600
20150318BKNCLE,-900
20150318DETPHI,-110
20150318DETPHI,-110
20150318PORMIA,-140
20150318PORMIA,120
20150318MINTOR,600
20150318MINTOR,-900
20150318INDCHI,-105
20150318INDCHI,-115
20150318SASMIL,-240
20150318SASMIL,200
20150318BOSOKC,240
20150318BOSOKC,-280
20150318ORLDAL,800
20150318ORLDAL,-1200
20150318LACSAC,-450
20150318LACSAC,350
20150318ATLGSW,250
20150318ATLGSW,-300
20150318WASUTA,135
20150318WASUTA,-155
20150319MINNYK,110
20150319MINNYK,-130
20150319DENHOU,250
20150319DENHOU,-300
20150319NOPPHX,130
20150319NOPPHX,-150
20150319UTALAL,165
20150319UTALAL,-185
20150320PORORL,-350
20150320PORORL,290
20150320NYKPHI,200
20150320NYKPHI,-240
20150320MILBKN,110
20150320MILBKN,-130
20150320INDCLE,450
20150320INDCLE,-600
20150320DENMIA,290
20150320DENMIA,-350
20150320TORCHI,100
20150320TORCHI,-120
20150320ATLOKC,100
20150320ATLOKC,-120
20150320MEMDAL,125
20150320MEMDAL,-145
20150320BOSSAS,400
20150320BOSSAS,-500
20150320CHASAC,-200
20150320CHASAC,170
20150320NOPGSW,1000
20150320NOPGSW,-2000
20150320WASLAC,250
20150320WASLAC,-300
20150321BKNIND,320
20150321BKNIND,-400
20150321CHIDET,-155
20150321CHIDET,135
20150321PHXHOU,300
20150321PHXHOU,-360
20150321PORMEM,130
20150321PORMEM,-150
20150321UTAGSW,400
20150321UTAGSW,-500
20150322CLEMIL,-380
20150322CLEMIL,310
20150322MIAOKC,150
20150322MIAOKC,-170
20150322SASATL,105
20150322SASATL,-125
20150322NOPLAC,450
20150322NOPLAC,-600
20150322NYKTOR,750
20150322NYKTOR,-1200
20150322WASSAC,-175
20150322WASSAC,155
20150322DETBOS,200
20150322DETBOS,-240
20150322DENORL,-115
20150322DENORL,-105
20150322CHAMIN,-210
20150322CHAMIN,175
20150322DALPHX,-200
20150322DALPHX,170
20150322PHILAL,170
20150322PHILAL,-200
20150323HOUIND,-125
20150323HOUIND,105
20150323BOSBKN,180
20150323BOSBKN,-220
20150323MEMNYK,-1600
20150323MEMNYK,900
20150323CHACHI,260
20150323CHACHI,-320
20150323MINUTA,450
20150323MINUTA,-600
20150323WASGSW,550
20150323WASGSW,-800
20150324TORDET,-175
20150324TORDET,155
20150324MIAMIL,-130
20150324MIAMIL,110
20150324LALOKC,425
20150324LALOKC,-550
20150324SASDAL,-165
20150324SASDAL,145
20150324PHISAC,350
20150324PHISAC,-450
20150324GSWPOR,-300
20150324GSWPOR,250
20150325BKNCHA,140
20150325BKNCHA,-160
20150325LACNYK,-3000
20150325LACNYK,0
20150325ATLORL,-450
20150325ATLORL,350
20150325INDWAS,135
20150325INDWAS,-155
20150325MIABOS,320
20150325MIABOS,-400
20150325CHITOR,-160
20150325CHITOR,140
20150325CLEMEM,-120
20150325CLEMEM,100
20150325LALMIN,100
20150325LALMIN,-120
20150325HOUNOP,-110
20150325HOUNOP,-110
20150325PHIDEN,600
20150325PHIDEN,-900
20150325PORUTA,105
20150325PORUTA,-125
20150325OKCSAS,290
20150325OKCSAS,-350
20150325SACPHX,320
20150325SACPHX,-400
