gameid,date,away,home,tm,q1,q2,q3,q4,ot1,ot2,ot3,total
19871106WSBATL,19871106,WSB,ATL,WSB,19,26,28,24,,,,97
19871106WSBATL,19871106,WSB,ATL,ATL,36,37,15,26,,,,114
19871106MILBOS,19871106,MIL,BOS,MIL,29,31,26,22,,,,108
19871106MILBOS,19871106,MIL,BOS,BOS,32,33,31,29,,,,125
19871106UTADAL,19871106,UTA,DAL,UTA,29,19,25,20,,,,93
19871106UTADAL,19871106,UTA,DAL,DAL,21,23,29,22,,,,95
19871106LACDEN,19871106,LAC,DEN,LAC,29,19,17,28,,,,93
19871106LACDEN,19871106,LAC,DEN,DEN,40,29,41,29,,,,139
19871106NYKDET,19871106,NYK,DET,NYK,23,26,27,23,,,,99
19871106NYKDET,19871106,NYK,DET,DET,26,21,28,35,,,,110
19871106SASHOU,19871106,SAS,HOU,SAS,35,28,17,22,,,,102
19871106SASHOU,19871106,SAS,HOU,HOU,33,26,30,19,,,,108
19871106SEALAL,19871106,SEA,LAL,SEA,36,25,25,23,,,,109
19871106SEALAL,19871106,SEA,LAL,LAL,30,27,28,28,,,,113
19871106CLENJN,19871106,CLE,NJN,CLE,32,29,26,27,,,,114
19871106CLENJN,19871106,CLE,NJN,NJN,29,30,26,23,,,,108
19871106INDPHI,19871106,IND,PHI,IND,16,26,25,28,,,,95
19871106INDPHI,19871106,IND,PHI,PHI,29,22,32,25,,,,108
19871106PHOPOR,19871106,PHO,POR,PHO,29,28,25,22,,,,104
19871106PHOPOR,19871106,PHO,POR,POR,37,26,25,30,,,,118
19871106GSWSAC,19871106,GSW,SAC,GSW,30,22,30,24,,,,106
19871106GSWSAC,19871106,GSW,SAC,SAC,43,34,32,25,,,,134
19871107CLEATL,19871107,CLE,ATL,CLE,27,24,21,33,,,,105
19871107CLEATL,19871107,CLE,ATL,ATL,26,25,27,35,,,,113
19871107PHICHI,19871107,PHI,CHI,PHI,21,26,22,25,,,,94
19871107PHICHI,19871107,PHI,CHI,CHI,27,35,24,18,,,,104
19871107DENGSW,19871107,DEN,GSW,DEN,20,31,25,27,,,,103
19871107DENGSW,19871107,DEN,GSW,GSW,22,23,26,28,,,,99
19871107NYKIND,19871107,NYK,IND,NYK,27,17,26,25,,,,95
19871107NYKIND,19871107,NYK,IND,IND,40,32,23,13,,,,108
19871107PORLAC,19871107,POR,LAC,POR,38,24,31,31,,,,124
19871107PORLAC,19871107,POR,LAC,LAC,26,18,30,25,,,,99
19871107DETMIL,19871107,DET,MIL,DET,20,21,31,33,,,,105
19871107DETMIL,19871107,DET,MIL,MIL,23,38,30,28,,,,119
19871107DALSAS,19871107,DAL,SAS,DAL,32,22,24,28,,,,106
19871107DALSAS,19871107,DAL,SAS,SAS,35,32,39,24,,,,130
19871107PHOSEA,19871107,PHO,SEA,PHO,22,20,31,23,,,,96
19871107PHOSEA,19871107,PHO,SEA,SEA,32,36,20,24,,,,112
19871107SACUTA,19871107,SAC,UTA,SAC,19,23,22,36,,,,100
19871107SACUTA,19871107,SAC,UTA,UTA,28,30,29,34,,,,121
19871107BOSWSB,19871107,BOS,WSB,BOS,27,32,34,26,12,9,,140
19871107BOSWSB,19871107,BOS,WSB,WSB,23,38,31,27,12,8,,139
19871108HOULAL,19871108,HOU,LAL,HOU,22,19,25,26,,,,92
19871108HOULAL,19871108,HOU,LAL,LAL,22,29,25,25,,,,101
19871109BOSNYK,19871109,BOS,NYK,BOS,32,22,23,19,,,,96
19871109BOSNYK,19871109,BOS,NYK,NYK,21,19,18,29,,,,87
19871110CHIATL,19871110,CHI,ATL,CHI,32,32,24,17,,,,105
19871110CHIATL,19871110,CHI,ATL,ATL,20,25,26,24,,,,95
19871110DETIND,19871110,DET,IND,DET,23,29,29,37,,,,118
19871110DETIND,19871110,DET,IND,IND,18,31,38,34,,,,121
19871110UTALAC,19871110,UTA,LAC,UTA,16,31,17,24,,,,88
19871110UTALAC,19871110,UTA,LAC,LAC,25,32,21,22,,,,100
19871110WSBMIL,19871110,WSB,MIL,WSB,26,29,14,31,,,,100
19871110WSBMIL,19871110,WSB,MIL,MIL,26,33,34,22,,,,115
19871110GSWPHO,19871110,GSW,PHO,GSW,19,28,31,31,,,,109
19871110GSWPHO,19871110,GSW,PHO,PHO,36,27,34,26,,,,123
19871110HOUPOR,19871110,HOU,POR,HOU,37,21,27,33,,,,118
19871110HOUPOR,19871110,HOU,POR,POR,33,32,24,22,,,,111
19871110DENSAC,19871110,DEN,SAC,DEN,38,25,24,36,,,,123
19871110DENSAC,19871110,DEN,SAC,SAC,46,28,30,30,,,,134
19871110LALSAS,19871110,LAL,SAS,LAL,30,45,21,37,,,,133
19871110LALSAS,19871110,LAL,SAS,SAS,22,38,32,32,,,,124
19871110DALSEA,19871110,DAL,SEA,DAL,24,41,23,29,,,,117
19871110DALSEA,19871110,DAL,SEA,SEA,26,20,25,30,,,,101
19871111INDBOS,19871111,IND,BOS,IND,26,29,28,23,,,,106
19871111INDBOS,19871111,IND,BOS,BOS,28,32,34,26,,,,120
19871111MILCLE,19871111,MIL,CLE,MIL,27,28,24,30,,,,109
19871111MILCLE,19871111,MIL,CLE,CLE,26,24,24,27,,,,101
19871111PHOGSW,19871111,PHO,GSW,PHO,34,25,26,30,,,,115
19871111PHOGSW,19871111,PHO,GSW,GSW,29,37,38,26,,,,130
19871111CHINJN,19871111,CHI,NJN,CHI,34,23,23,25,,,,105
19871111CHINJN,19871111,CHI,NJN,NJN,23,29,18,26,,,,96
19871111ATLNYK,19871111,ATL,NYK,ATL,26,19,20,29,,,,94
19871111ATLNYK,19871111,ATL,NYK,NYK,19,25,22,27,,,,93
19871111DALUTA,19871111,DAL,UTA,DAL,21,18,28,25,,,,92
19871111DALUTA,19871111,DAL,UTA,UTA,29,24,36,32,,,,121
19871112PORDEN,19871112,POR,DEN,POR,30,29,23,31,,,,113
19871112PORDEN,19871112,POR,DEN,DEN,33,26,36,31,,,,126
19871112LACLAL,19871112,LAC,LAL,LAC,19,17,22,24,,,,82
19871112LACLAL,19871112,LAC,LAL,LAL,30,25,29,27,,,,111
19871112HOUSAC,19871112,HOU,SAC,HOU,23,21,35,37,,,,116
19871112HOUSAC,19871112,HOU,SAC,SAC,25,34,34,21,,,,114
19871112SEASAS,19871112,SEA,SAS,SEA,31,26,28,33,,,,118
19871112SEASAS,19871112,SEA,SAS,SAS,36,25,34,28,,,,123
19871113CLEBOS,19871113,CLE,BOS,CLE,34,30,26,24,,,,114
19871113CLEBOS,19871113,CLE,BOS,BOS,33,25,34,36,,,,128
19871113NJNCHI,19871113,NJN,CHI,NJN,25,13,27,20,,,,85
19871113NJNCHI,19871113,NJN,CHI,CHI,23,28,21,31,,,,103
19871113SEADAL,19871113,SEA,DAL,SEA,25,29,25,24,,,,103
19871113SEADAL,19871113,SEA,DAL,DAL,33,26,21,15,,,,95
19871113GSWLAC,19871113,GSW,LAC,GSW,19,27,21,27,,,,94
19871113GSWLAC,19871113,GSW,LAC,LAC,29,20,28,20,,,,97
19871113DETPHI,19871113,DET,PHI,DET,28,27,32,26,,,,113
19871113DETPHI,19871113,DET,PHI,PHI,30,23,12,29,,,,94
19871113PHOUTA,19871113,PHO,UTA,PHO,26,18,23,25,,,,92
19871113PHOUTA,19871113,PHO,UTA,UTA,29,30,26,24,,,,109
19871113NYKWSB,19871113,NYK,WSB,NYK,30,20,30,21,,,,101
19871113NYKWSB,19871113,NYK,WSB,WSB,26,36,28,18,,,,108
19871114PHIATL,19871114,PHI,ATL,PHI,30,16,10,27,,,,83
19871114PHIATL,19871114,PHI,ATL,ATL,24,30,23,27,,,,104
19871114INDCHI,19871114,IND,CHI,IND,27,28,28,28,,,,111
19871114INDCHI,19871114,IND,CHI,CHI,22,24,30,34,,,,110
19871114DETCLE,19871114,DET,CLE,DET,30,31,37,30,,,,128
19871114DETCLE,19871114,DET,CLE,CLE,35,20,35,23,,,,113
19871114PORDAL,19871114,POR,DAL,POR,29,21,34,32,,,,116
19871114PORDAL,19871114,POR,DAL,DAL,30,33,31,33,,,,127
19871114SACDEN,19871114,SAC,DEN,SAC,16,25,36,32,,,,109
19871114SACDEN,19871114,SAC,DEN,DEN,29,27,40,34,,,,130
19871114LALGSW,19871114,LAL,GSW,LAL,35,27,24,32,,,,118
19871114LALGSW,19871114,LAL,GSW,GSW,36,18,22,34,,,,110
19871114UTAHOU,19871114,UTA,HOU,UTA,23,25,27,18,,,,93
19871114UTAHOU,19871114,UTA,HOU,HOU,24,26,26,25,,,,101
19871114MILNYK,19871114,MIL,NYK,MIL,22,22,27,18,,,,89
19871114MILNYK,19871114,MIL,NYK,NYK,24,23,22,24,,,,93
19871114SASPHO,19871114,SAS,PHO,SAS,31,26,33,23,,,,113
19871114SASPHO,19871114,SAS,PHO,PHO,30,31,37,26,,,,124
19871115SEAHOU,19871115,SEA,HOU,SEA,31,24,25,26,,,,106
19871115SEAHOU,19871115,SEA,HOU,HOU,25,25,30,28,,,,108
19871115BOSIND,19871115,BOS,IND,BOS,36,25,23,19,,,,103
19871115BOSIND,19871115,BOS,IND,IND,27,26,26,19,,,,98
19871115SASLAL,19871115,SAS,LAL,SAS,28,27,40,35,,,,130
19871115SASLAL,19871115,SAS,LAL,LAL,29,42,38,38,,,,147
19871115ATLMIL,19871115,ATL,MIL,ATL,26,29,24,24,,,,103
19871115ATLMIL,19871115,ATL,MIL,MIL,30,33,18,31,,,,112
19871115WSBNJN,19871115,WSB,NJN,WSB,24,38,30,21,,,,113
19871115WSBNJN,19871115,WSB,NJN,NJN,26,31,26,26,,,,109
19871117WSBCHI,19871117,WSB,CHI,WSB,22,18,28,33,,,,101
19871117WSBCHI,19871117,WSB,CHI,CHI,32,32,18,23,,,,105
19871117BOSCLE,19871117,BOS,CLE,BOS,23,25,15,25,,,,88
19871117BOSCLE,19871117,BOS,CLE,CLE,26,33,26,24,,,,109
19871117PORLAL,19871117,POR,LAL,POR,22,27,30,36,,,,115
19871117PORLAL,19871117,POR,LAL,LAL,27,31,40,44,,,,142
19871117GSWMIL,19871117,GSW,MIL,GSW,30,24,22,32,,,,108
19871117GSWMIL,19871117,GSW,MIL,MIL,28,36,36,20,,,,120
19871117HOUNJN,19871117,HOU,NJN,HOU,28,30,34,19,,,,111
19871117HOUNJN,19871117,HOU,NJN,NJN,33,32,29,20,,,,114
19871117INDSAC,19871117,IND,SAC,IND,30,29,37,30,,,,126
19871117INDSAC,19871117,IND,SAC,SAC,28,24,24,35,,,,111
19871117LACSAS,19871117,LAC,SAS,LAC,32,24,31,22,12,,,121
19871117LACSAS,19871117,LAC,SAS,SAS,28,30,32,19,13,,,122
19871117DENUTA,19871117,DEN,UTA,DEN,34,24,22,30,,,,110
19871117DENUTA,19871117,DEN,UTA,UTA,39,24,36,21,,,,120
19871118GSWATL,19871118,GSW,ATL,GSW,16,26,21,29,,,,92
19871118GSWATL,19871118,GSW,ATL,ATL,31,23,21,20,,,,95
19871118NYKBOS,19871118,NYK,BOS,NYK,33,28,21,11,6,10,,109
19871118NYKBOS,19871118,NYK,BOS,BOS,26,10,34,23,6,12,,111
19871118LACDAL,19871118,LAC,DAL,LAC,30,20,19,18,,,,87
19871118LACDAL,19871118,LAC,DAL,DAL,20,23,31,23,,,,97
19871118INDDEN,19871118,IND,DEN,IND,36,26,23,32,,,,117
19871118INDDEN,19871118,IND,DEN,DEN,26,17,34,29,,,,106
19871118PHIDET,19871118,PHI,DET,PHI,23,35,27,28,,,,113
19871118PHIDET,19871118,PHI,DET,DET,24,23,36,26,,,,109
19871118UTAPHO,19871118,UTA,PHO,UTA,22,18,23,17,,,,80
19871118UTAPHO,19871118,UTA,PHO,PHO,24,24,18,24,,,,90
19871118PORSEA,19871118,POR,SEA,POR,25,26,31,32,,,,114
19871118PORSEA,19871118,POR,SEA,SEA,29,25,32,34,,,,120
19871118CHIWSB,19871118,CHI,WSB,CHI,20,22,20,22,,,,84
19871118CHIWSB,19871118,CHI,WSB,WSB,21,17,21,23,,,,82
19871119HOUCLE,19871119,HOU,CLE,HOU,31,16,29,29,,,,105
19871119HOUCLE,19871119,HOU,CLE,CLE,24,24,28,21,,,,97
19871119NYKNJN,19871119,NYK,NJN,NYK,27,29,28,23,,,,107
19871119NYKNJN,19871119,NYK,NJN,NJN,33,25,26,24,,,,108
19871119MILSAC,19871119,MIL,SAC,MIL,33,12,30,25,17,,,117
19871119MILSAC,19871119,MIL,SAC,SAC,17,29,27,27,13,,,113
19871120ATLCHI,19871120,ATL,CHI,ATL,26,20,24,22,,,,92
19871120ATLCHI,19871120,ATL,CHI,CHI,16,23,33,22,,,,94
19871120SASDEN,19871120,SAS,DEN,SAS,39,22,33,48,,,,142
19871120SASDEN,19871120,SAS,DEN,DEN,47,26,38,45,,,,156
19871120GSWDET,19871120,GSW,DET,GSW,27,20,31,30,,,,108
19871120GSWDET,19871120,GSW,DET,DET,38,30,27,36,,,,131
19871120DALLAL,19871120,DAL,LAL,DAL,29,20,25,42,,,,116
19871120DALLAL,19871120,DAL,LAL,LAL,30,32,37,20,,,,119
19871120BOSPHI,19871120,BOS,PHI,BOS,14,27,11,33,,,,85
19871120BOSPHI,19871120,BOS,PHI,PHI,32,26,31,27,,,,116
19871120LACPHO,19871120,LAC,PHO,LAC,24,23,32,33,,,,112
19871120LACPHO,19871120,LAC,PHO,PHO,24,27,23,22,,,,96
19871120WSBPOR,19871120,WSB,POR,WSB,26,24,22,29,,,,101
19871120WSBPOR,19871120,WSB,POR,POR,33,30,23,34,,,,120
19871120MILSEA,19871120,MIL,SEA,MIL,29,22,29,17,,,,97
19871120MILSEA,19871120,MIL,SEA,SEA,28,23,26,22,,,,99
19871120INDUTA,19871120,IND,UTA,IND,22,12,26,21,,,,81
19871120INDUTA,19871120,IND,UTA,UTA,23,21,34,34,,,,112
19871121HOUATL,19871121,HOU,ATL,HOU,30,21,31,12,,,,94
19871121HOUATL,19871121,HOU,ATL,ATL,31,30,16,27,,,,104
19871121DETCHI,19871121,DET,CHI,DET,26,34,27,35,22,,,144
19871121DETCHI,19871121,DET,CHI,CHI,34,22,29,37,10,,,132
19871121PHICLE,19871121,PHI,CLE,PHI,19,27,26,16,,,,88
19871121PHICLE,19871121,PHI,CLE,CLE,29,25,24,23,,,,101
19871121DENLAC,19871121,DEN,LAC,DEN,22,17,32,26,,,,97
19871121DENLAC,19871121,DEN,LAC,LAC,26,25,23,17,,,,91
19871121BOSNJN,19871121,BOS,NJN,BOS,32,32,20,23,,,,107
19871121BOSNJN,19871121,BOS,NJN,NJN,23,30,26,18,,,,97
19871121GSWNYK,19871121,GSW,NYK,GSW,26,23,23,19,,,,91
19871121GSWNYK,19871121,GSW,NYK,NYK,27,27,22,23,,,,99
19871121DALSAC,19871121,DAL,SAC,DAL,34,17,28,24,,,,103
19871121DALSAC,19871121,DAL,SAC,SAC,23,22,30,21,,,,96
19871121UTASAS,19871121,UTA,SAS,UTA,33,31,31,24,,,,119
19871121UTASAS,19871121,UTA,SAS,SAS,33,33,34,20,,,,120
19871121WSBSEA,19871121,WSB,SEA,WSB,26,24,25,28,,,,103
19871121WSBSEA,19871121,WSB,SEA,SEA,28,27,30,39,,,,124
19871122MILLAL,19871122,MIL,LAL,MIL,26,23,32,26,17,,,124
19871122MILLAL,19871122,MIL,LAL,LAL,33,27,25,22,9,,,116
19871122INDPOR,19871122,IND,POR,IND,33,40,18,19,,,,110
19871122INDPOR,19871122,IND,POR,POR,36,33,25,26,,,,120
19871123CHIBOS,19871123,CHI,BOS,CHI,29,22,24,32,,,,107
19871123CHIBOS,19871123,CHI,BOS,BOS,37,26,24,15,,,,102
19871123SASNYK,19871123,SAS,NYK,SAS,39,31,15,32,,,,117
19871123SASNYK,19871123,SAS,NYK,NYK,35,25,27,25,,,,112
19871124NJNDEN,19871124,NJN,DEN,NJN,29,25,24,26,,,,104
19871124NJNDEN,19871124,NJN,DEN,DEN,39,32,37,24,,,,132
19871124LACGSW,19871124,LAC,GSW,LAC,25,22,25,27,12,12,,123
19871124LACGSW,19871124,LAC,GSW,GSW,24,28,25,22,12,9,,120
19871124DETHOU,19871124,DET,HOU,DET,31,25,17,24,,,,97
19871124DETHOU,19871124,DET,HOU,HOU,16,16,34,17,,,,83
19871124CLEPHI,19871124,CLE,PHI,CLE,22,24,29,29,,,,104
19871124CLEPHI,19871124,CLE,PHI,PHI,30,17,32,29,,,,108
19871124SACPOR,19871124,SAC,POR,SAC,25,22,26,21,,,,94
19871124SACPOR,19871124,SAC,POR,POR,30,22,28,18,,,,98
19871124LALSEA,19871124,LAL,SEA,LAL,22,18,26,19,,,,85
19871124LALSEA,19871124,LAL,SEA,SEA,25,30,22,26,,,,103
19871124WSBUTA,19871124,WSB,UTA,WSB,18,27,25,13,,,,83
19871124WSBUTA,19871124,WSB,UTA,UTA,24,30,20,26,,,,100
19871125ATLBOS,19871125,ATL,BOS,ATL,26,20,34,22,,,,102
19871125ATLBOS,19871125,ATL,BOS,BOS,26,27,29,35,,,,117
19871125NYKCLE,19871125,NYK,CLE,NYK,30,23,24,27,,,,104
19871125NYKCLE,19871125,NYK,CLE,CLE,23,31,20,27,,,,101
19871125DETDAL,19871125,DET,DAL,DET,21,20,29,37,,,,107
19871125DETDAL,19871125,DET,DAL,DAL,28,22,40,23,,,,113
19871125SASIND,19871125,SAS,IND,SAS,22,28,25,27,,,,102
19871125SASIND,19871125,SAS,IND,IND,32,32,30,39,,,,133
19871125WSBLAC,19871125,WSB,LAC,WSB,26,18,25,32,,,,101
19871125WSBLAC,19871125,WSB,LAC,LAC,28,23,23,22,,,,96
19871125CHIMIL,19871125,CHI,MIL,CHI,21,26,29,27,,,,103
19871125CHIMIL,19871125,CHI,MIL,MIL,25,28,19,29,,,,101
19871125HOUPHO,19871125,HOU,PHO,HOU,35,22,21,31,,,,109
19871125HOUPHO,19871125,HOU,PHO,PHO,31,24,27,21,,,,103
19871126NJNSAC,19871126,NJN,SAC,NJN,28,21,21,32,,,,102
19871126NJNSAC,19871126,NJN,SAC,SAC,23,32,25,30,,,,110
19871127SEABOS,19871127,SEA,BOS,SEA,20,36,31,25,,,,112
19871127SEABOS,19871127,SEA,BOS,BOS,34,26,25,32,,,,117
19871127CHIDAL,19871127,CHI,DAL,CHI,21,18,31,23,,,,93
19871127CHIDAL,19871127,CHI,DAL,DAL,23,30,25,16,,,,94
19871127SASDET,19871127,SAS,DET,SAS,32,21,30,28,,,,111
19871127SASDET,19871127,SAS,DET,DET,37,34,43,29,,,,143
19871127PHIGSW,19871127,PHI,GSW,PHI,18,32,27,26,,,,103
19871127PHIGSW,19871127,PHI,GSW,GSW,24,26,25,34,,,,109
19871127ATLIND,19871127,ATL,IND,ATL,22,17,24,23,,,,86
19871127ATLIND,19871127,ATL,IND,IND,29,12,24,23,,,,88
19871127DENLAL,19871127,DEN,LAL,DEN,27,25,30,37,,,,119
19871127DENLAL,19871127,DEN,LAL,LAL,37,30,23,37,,,,127
19871127NJNPHO,19871127,NJN,PHO,NJN,25,31,22,29,,,,107
19871127NJNPHO,19871127,NJN,PHO,PHO,33,29,37,14,,,,113
19871127LACPOR,19871127,LAC,POR,LAC,16,15,25,31,,,,87
19871127LACPOR,19871127,LAC,POR,POR,22,26,26,23,,,,97
19871127HOUUTA,19871127,HOU,UTA,HOU,26,21,22,27,,,,96
19871127HOUUTA,19871127,HOU,UTA,UTA,34,33,32,19,,,,118
19871128SASATL,19871128,SAS,ATL,SAS,25,27,23,25,,,,100
19871128SASATL,19871128,SAS,ATL,ATL,26,41,33,24,,,,124
19871128DALDEN,19871128,DAL,DEN,DAL,23,21,31,23,,,,98
19871128DALDEN,19871128,DAL,DEN,DEN,24,22,38,22,,,,106
19871128CHIHOU,19871128,CHI,HOU,CHI,19,21,23,35,,,,98
19871128CHIHOU,19871128,CHI,HOU,HOU,30,20,22,14,,,,86
19871128SEAIND,19871128,SEA,IND,SEA,31,28,28,28,,,,115
19871128SEAIND,19871128,SEA,IND,IND,36,30,31,34,,,,131
19871128BOSMIL,19871128,BOS,MIL,BOS,21,29,28,19,,,,97
19871128BOSMIL,19871128,BOS,MIL,MIL,29,33,23,27,,,,112
19871128CLENYK,19871128,CLE,NYK,CLE,28,22,18,25,,,,93
19871128CLENYK,19871128,CLE,NYK,NYK,29,20,26,30,,,,105
19871128PHISAC,19871128,PHI,SAC,PHI,25,25,30,26,8,,,114
19871128PHISAC,19871128,PHI,SAC,SAC,24,28,24,30,9,,,115
19871128DETWSB,19871128,DET,WSB,DET,29,22,27,24,,,,102
19871128DETWSB,19871128,DET,WSB,WSB,21,34,32,37,,,,124
19871129NJNPOR,19871129,NJN,POR,NJN,29,25,26,24,,,,104
19871129NJNPOR,19871129,NJN,POR,POR,27,34,30,34,,,,125
19871130INDMIL,19871130,IND,MIL,IND,19,23,18,34,,,,94
19871130INDMIL,19871130,IND,MIL,MIL,24,24,28,28,,,,104
19871130PHIUTA,19871130,PHI,UTA,PHI,30,23,24,29,,,,106
19871130PHIUTA,19871130,PHI,UTA,UTA,25,16,37,22,,,,100
19871201BOSATL,19871201,BOS,ATL,BOS,24,27,26,29,,,,106
19871201BOSATL,19871201,BOS,ATL,ATL,37,26,34,23,,,,120
19871201CHIGSW,19871201,CHI,GSW,CHI,33,26,18,21,,,,98
19871201CHIGSW,19871201,CHI,GSW,GSW,22,19,26,30,,,,97
19871201DENHOU,19871201,DEN,HOU,DEN,31,24,29,17,,,,101
19871201DENHOU,19871201,DEN,HOU,HOU,20,32,29,25,,,,106
19871201DETNJN,19871201,DET,NJN,DET,38,20,26,26,14,,,124
19871201DETNJN,19871201,DET,NJN,NJN,22,36,32,20,5,,,115
19871201SEANYK,19871201,SEA,NYK,SEA,33,28,31,20,,,,112
19871201SEANYK,19871201,SEA,NYK,NYK,34,18,26,31,,,,109
19871201PHOPOR,19871201,PHO,POR,PHO,26,31,22,21,,,,100
19871201PHOPOR,19871201,PHO,POR,POR,34,16,27,25,,,,102
19871201LALSAC,19871201,LAL,SAC,LAL,27,30,25,27,16,,,125
19871201LALSAC,19871201,LAL,SAC,SAC,24,29,28,28,11,,,120
19871202NJNBOS,19871202,NJN,BOS,NJN,21,21,27,30,,,,99
19871202NJNBOS,19871202,NJN,BOS,BOS,35,27,32,36,,,,130
19871202SEACLE,19871202,SEA,CLE,SEA,25,24,22,31,,,,102
19871202SEACLE,19871202,SEA,CLE,CLE,31,20,33,20,,,,104
19871202SACDEN,19871202,SAC,DEN,SAC,20,38,30,32,,,,120
19871202SACDEN,19871202,SAC,DEN,DEN,36,31,47,33,,,,147
19871202MILDET,19871202,MIL,DET,MIL,29,27,24,25,,,,105
19871202MILDET,19871202,MIL,DET,DET,33,28,27,27,,,,115
19871202WSBIND,19871202,WSB,IND,WSB,28,25,21,28,,,,102
19871202WSBIND,19871202,WSB,IND,IND,31,33,22,22,,,,108
19871202PHILAC,19871202,PHI,LAC,PHI,27,14,20,24,,,,85
19871202PHILAC,19871202,PHI,LAC,LAC,14,24,22,28,,,,88
19871202PORLAL,19871202,POR,LAL,POR,31,28,32,26,,,,117
19871202PORLAL,19871202,POR,LAL,LAL,30,21,27,26,,,,104
19871202HOUSAS,19871202,HOU,SAS,HOU,26,31,23,13,,,,93
19871202HOUSAS,19871202,HOU,SAS,SAS,20,31,17,29,,,,97
19871202CHIUTA,19871202,CHI,UTA,CHI,20,26,30,29,,,,105
19871202CHIUTA,19871202,CHI,UTA,UTA,27,25,27,22,,,,101
19871203NYKPHO,19871203,NYK,PHO,NYK,21,33,26,34,,,,114
19871203NYKPHO,19871203,NYK,PHO,PHO,28,30,30,32,,,,120
19871203ATLWSB,19871203,ATL,WSB,ATL,29,16,28,29,,,,102
19871203ATLWSB,19871203,ATL,WSB,WSB,18,12,33,31,,,,94
19871204NJNATL,19871204,NJN,ATL,NJN,30,23,26,23,,,,102
19871204NJNATL,19871204,NJN,ATL,ATL,34,38,29,38,,,,139
19871204GSWDAL,19871204,GSW,DAL,GSW,27,26,27,15,,,,95
19871204GSWDAL,19871204,GSW,DAL,DAL,34,28,37,17,,,,116
19871204CHIDEN,19871204,CHI,DEN,CHI,26,26,21,16,,,,89
19871204CHIDEN,19871204,CHI,DEN,DEN,35,29,19,22,,,,105
19871204BOSDET,19871204,BOS,DET,BOS,33,22,25,25,,,,105
19871204BOSDET,19871204,BOS,DET,DET,31,40,24,33,,,,128
19871204CLEIND,19871204,CLE,IND,CLE,21,21,39,27,,,,108
19871204CLEIND,19871204,CLE,IND,IND,32,18,18,22,,,,90
19871204SACLAC,19871204,SAC,LAC,SAC,29,21,15,19,,,,84
19871204SACLAC,19871204,SAC,LAC,LAC,18,21,26,33,,,,98
19871204LALMIL,19871204,LAL,MIL,LAL,17,24,22,20,,,,83
19871204LALMIL,19871204,LAL,MIL,MIL,20,24,27,14,,,,85
19871204SEAPHI,19871204,SEA,PHI,SEA,33,24,24,24,,,,105
19871204SEAPHI,19871204,SEA,PHI,PHI,22,24,35,37,,,,118
19871204NYKUTA,19871204,NYK,UTA,NYK,20,30,23,19,,,,92
19871204NYKUTA,19871204,NYK,UTA,UTA,34,20,19,31,,,,104
19871205LALCLE,19871205,LAL,CLE,LAL,22,27,25,21,,,,95
19871205LALCLE,19871205,LAL,CLE,CLE,22,35,22,18,,,,97
19871205DENDAL,19871205,DEN,DAL,DEN,26,15,28,27,,,,96
19871205DENDAL,19871205,DEN,DAL,DAL,24,36,27,22,,,,109
19871205GSWHOU,19871205,GSW,HOU,GSW,17,25,26,28,,,,96
19871205GSWHOU,19871205,GSW,HOU,HOU,38,26,30,27,,,,121
19871205PORPHO,19871205,POR,PHO,POR,34,33,32,34,,,,133
19871205PORPHO,19871205,POR,PHO,PHO,28,22,30,35,,,,115
19871205UTASAC,19871205,UTA,SAC,UTA,31,29,41,25,,,,126
19871205UTASAC,19871205,UTA,SAC,SAC,29,20,29,39,,,,117
19871205CHISAS,19871205,CHI,SAS,CHI,25,24,23,29,,,,101
19871205CHISAS,19871205,CHI,SAS,SAS,22,32,23,33,,,,110
19871205SEAWSB,19871205,SEA,WSB,SEA,23,29,24,39,,,,115
19871205SEAWSB,19871205,SEA,WSB,WSB,23,31,28,17,,,,99
19871206PHOLAC,19871206,PHO,LAC,PHO,22,26,30,19,,,,97
19871206PHOLAC,19871206,PHO,LAC,LAC,22,25,22,27,,,,96
19871206NYKPOR,19871206,NYK,POR,NYK,35,19,17,28,,,,99
19871206NYKPOR,19871206,NYK,POR,POR,24,33,35,25,,,,117
19871208PHICHI,19871208,PHI,CHI,PHI,24,32,24,29,,,,109
19871208PHICHI,19871208,PHI,CHI,CHI,32,15,29,20,,,,96
19871208PORDET,19871208,POR,DET,POR,29,31,29,28,,,,117
19871208PORDET,19871208,POR,DET,DET,30,27,36,34,,,,127
19871208SACHOU,19871208,SAC,HOU,SAC,26,22,37,12,,,,97
19871208SACHOU,19871208,SAC,HOU,HOU,28,31,20,27,,,,106
19871208MILIND,19871208,MIL,IND,MIL,23,22,28,28,,,,101
19871208MILIND,19871208,MIL,IND,IND,25,18,34,26,,,,103
19871208ATLLAC,19871208,ATL,LAC,ATL,24,23,24,19,,,,90
19871208ATLLAC,19871208,ATL,LAC,LAC,21,21,17,20,,,,79
19871208LALNJN,19871208,LAL,NJN,LAL,28,29,22,19,,,,98
19871208LALNJN,19871208,LAL,NJN,NJN,23,26,17,15,,,,81
19871208WSBNYK,19871208,WSB,NYK,WSB,26,28,15,23,,,,92
19871208WSBNYK,19871208,WSB,NYK,NYK,36,19,30,31,,,,116
19871208UTASAS,19871208,UTA,SAS,UTA,28,28,25,19,,,,100
19871208UTASAS,19871208,UTA,SAS,SAS,35,21,22,27,,,,105
19871208CLESEA,19871208,CLE,SEA,CLE,23,20,25,28,,,,96
19871208CLESEA,19871208,CLE,SEA,SEA,24,30,21,32,,,,107
19871209DENBOS,19871209,DEN,BOS,DEN,29,25,36,34,,,,124
19871209DENBOS,19871209,DEN,BOS,BOS,39,14,25,41,,,,119
19871209SACDAL,19871209,SAC,DAL,SAC,16,33,22,27,,,,98
19871209SACDAL,19871209,SAC,DAL,DAL,27,32,36,30,,,,125
19871209CLEGSW,19871209,CLE,GSW,CLE,22,26,27,37,,,,112
19871209CLEGSW,19871209,CLE,GSW,GSW,33,28,21,31,,,,113
19871209PORPHI,19871209,POR,PHI,POR,25,20,26,15,,,,86
19871209PORPHI,19871209,POR,PHI,PHI,17,28,18,31,,,,94
19871209ATLPHO,19871209,ATL,PHO,ATL,22,22,30,31,,,,105
19871209ATLPHO,19871209,ATL,PHO,PHO,24,22,29,42,,,,117
19871209LALWSB,19871209,LAL,WSB,LAL,34,21,22,27,8,,,112
19871209LALWSB,19871209,LAL,WSB,WSB,34,27,29,14,16,,,120
19871210MILCHI,19871210,MIL,CHI,MIL,32,24,32,17,,,,105
19871210MILCHI,19871210,MIL,CHI,CHI,23,30,31,27,,,,111
19871210UTAHOU,19871210,UTA,HOU,UTA,21,29,27,16,,,,93
19871210UTAHOU,19871210,UTA,HOU,HOU,22,22,30,24,,,,98
19871210SEALAC,19871210,SEA,LAC,SEA,26,22,23,25,,,,96
19871210SEALAC,19871210,SEA,LAC,LAC,26,25,31,31,,,,113
19871210INDNJN,19871210,IND,NJN,IND,25,23,29,31,,,,108
19871210INDNJN,19871210,IND,NJN,NJN,29,20,21,21,,,,91
19871210DENNYK,19871210,DEN,NYK,DEN,18,28,31,20,,,,97
19871210DENNYK,19871210,DEN,NYK,NYK,24,26,33,30,,,,113
19871211LALBOS,19871211,LAL,BOS,LAL,32,26,25,32,,,,115
19871211LALBOS,19871211,LAL,BOS,BOS,30,30,29,25,,,,114
19871211PHODAL,19871211,PHO,DAL,PHO,30,28,25,16,5,,,104
19871211PHODAL,19871211,PHO,DAL,DAL,26,30,22,21,9,,,108
19871211WSBDET,19871211,WSB,DET,WSB,28,28,23,29,,,,108
19871211WSBDET,19871211,WSB,DET,DET,28,29,32,25,,,,114
19871211ATLGSW,19871211,ATL,GSW,ATL,31,23,31,24,,,,109
19871211ATLGSW,19871211,ATL,GSW,GSW,22,25,21,25,,,,93
19871211PORMIL,19871211,POR,MIL,POR,32,27,29,24,,,,112
19871211PORMIL,19871211,POR,MIL,MIL,31,28,31,35,,,,125
19871211CLESAC,19871211,CLE,SAC,CLE,23,28,28,36,,,,115
19871211CLESAC,19871211,CLE,SAC,SAC,29,34,27,23,,,,113
19871212HOUCHI,19871212,HOU,CHI,HOU,25,24,29,25,,,,103
19871212HOUCHI,19871212,HOU,CHI,CHI,37,17,31,27,,,,112
19871212NYKDET,19871212,NYK,DET,NYK,34,17,17,28,,,,96
19871212NYKDET,19871212,NYK,DET,DET,36,25,31,32,,,,124
19871212PORIND,19871212,POR,IND,POR,29,32,24,23,,,,108
19871212PORIND,19871212,POR,IND,IND,33,26,17,25,,,,101
19871212WSBNJN,19871212,WSB,NJN,WSB,23,34,28,37,,,,122
19871212WSBNJN,19871212,WSB,NJN,NJN,28,28,20,31,,,,107
19871212DENPHI,19871212,DEN,PHI,DEN,37,32,28,34,,,,131
19871212DENPHI,19871212,DEN,PHI,PHI,27,28,33,33,,,,121
19871212PHOSAS,19871212,PHO,SAS,PHO,32,33,20,25,,,,110
19871212PHOSAS,19871212,PHO,SAS,SAS,34,34,29,32,,,,129
19871212LACSEA,19871212,LAC,SEA,LAC,30,24,23,18,,,,95
19871212LACSEA,19871212,LAC,SEA,SEA,32,18,28,38,,,,116
19871212GSWUTA,19871212,GSW,UTA,GSW,24,14,22,33,,,,93
19871212GSWUTA,19871212,GSW,UTA,UTA,30,30,32,35,,,,127
19871213CLELAL,19871213,CLE,LAL,CLE,23,23,19,24,,,,89
19871213CLELAL,19871213,CLE,LAL,LAL,18,22,31,19,,,,90
19871213DALMIL,19871213,DAL,MIL,DAL,28,23,19,43,,,,113
19871213DALMIL,19871213,DAL,MIL,MIL,23,23,24,29,,,,99
19871213ATLSAC,19871213,ATL,SAC,ATL,30,29,24,23,,,,106
19871213ATLSAC,19871213,ATL,SAC,SAC,24,20,18,38,,,,100
19871214SEAUTA,19871214,SEA,UTA,SEA,17,19,28,31,,,,95
19871214SEAUTA,19871214,SEA,UTA,UTA,28,28,32,28,,,,116
19871215INDATL,19871215,IND,ATL,IND,31,26,9,25,,,,91
19871215INDATL,19871215,IND,ATL,ATL,20,30,25,18,,,,93
19871215DALCLE,19871215,DAL,CLE,DAL,25,26,25,17,,,,93
19871215DALCLE,19871215,DAL,CLE,CLE,28,20,24,34,,,,106
19871215CHIDET,19871215,CHI,DET,CHI,24,29,28,34,8,,,123
19871215CHIDET,19871215,CHI,DET,DET,31,30,23,31,12,,,127
19871215PHOLAL,19871215,PHO,LAL,PHO,27,27,24,19,,,,97
19871215PHOLAL,19871215,PHO,LAL,LAL,37,32,27,26,,,,122
19871215SASNJN,19871215,SAS,NJN,SAS,20,30,24,24,,,,98
19871215SASNJN,19871215,SAS,NJN,NJN,32,19,33,20,,,,104
19871215MILNYK,19871215,MIL,NYK,MIL,24,27,26,26,,,,103
19871215MILNYK,19871215,MIL,NYK,NYK,27,35,14,22,,,,98
19871215SEAPOR,19871215,SEA,POR,SEA,30,21,23,35,,,,109
19871215SEAPOR,19871215,SEA,POR,POR,22,42,26,38,,,,128
19871215LACSAC,19871215,LAC,SAC,LAC,26,28,29,25,,,,108
19871215LACSAC,19871215,LAC,SAC,SAC,28,30,34,36,,,,128
19871215BOSWSB,19871215,BOS,WSB,BOS,33,36,27,26,,,,122
19871215BOSWSB,19871215,BOS,WSB,WSB,26,29,26,21,,,,102
19871216UTABOS,19871216,UTA,BOS,UTA,35,28,22,26,,,,111
19871216UTABOS,19871216,UTA,BOS,BOS,30,35,29,27,,,,121
19871216HOUDEN,19871216,HOU,DEN,HOU,35,23,29,26,,,,113
19871216HOUDEN,19871216,HOU,DEN,DEN,37,35,33,27,,,,132
19871216DALNJN,19871216,DAL,NJN,DAL,29,24,23,21,12,,,109
19871216DALNJN,19871216,DAL,NJN,NJN,24,21,20,32,8,,,105
19871216SASPHI,19871216,SAS,PHI,SAS,16,21,34,31,,,,102
19871216SASPHI,19871216,SAS,PHI,PHI,29,28,27,30,,,,114
19871217CLECHI,19871217,CLE,CHI,CLE,25,24,22,29,,,,100
19871217CLECHI,19871217,CLE,CHI,CHI,22,26,25,38,,,,111
19871217LALGSW,19871217,LAL,GSW,LAL,28,33,23,29,,,,113
19871217LALGSW,19871217,LAL,GSW,GSW,26,27,32,21,,,,106
19871217HOULAC,19871217,HOU,LAC,HOU,29,20,30,13,,,,92
19871217HOULAC,19871217,HOU,LAC,LAC,26,23,26,23,,,,98
19871217PHINYK,19871217,PHI,NYK,PHI,32,18,29,27,,,,106
19871217PHINYK,19871217,PHI,NYK,NYK,22,16,25,33,,,,96
19871217SACSEA,19871217,SAC,SEA,SAC,17,31,37,24,,,,109
19871217SACSEA,19871217,SAC,SEA,SEA,26,24,32,32,,,,114
19871217INDWSB,19871217,IND,WSB,IND,20,29,26,23,13,,,111
19871217INDWSB,19871217,IND,WSB,WSB,20,18,28,32,17,,,115
19871218NJNCLE,19871218,NJN,CLE,NJN,25,24,20,25,,,,94
19871218NJNCLE,19871218,NJN,CLE,CLE,23,26,28,26,,,,103
19871218DALDET,19871218,DAL,DET,DAL,23,24,35,30,,,,112
19871218DALDET,19871218,DAL,DET,DET,29,31,25,32,,,,117
19871218UTAIND,19871218,UTA,IND,UTA,23,27,19,28,,,,97
19871218UTAIND,19871218,UTA,IND,IND,26,31,24,40,,,,121
19871218ATLMIL,19871218,ATL,MIL,ATL,20,26,19,29,,,,94
19871218ATLMIL,19871218,ATL,MIL,MIL,20,20,22,25,,,,87
19871218PORPHO,19871218,POR,PHO,POR,35,28,34,32,,,,129
19871218PORPHO,19871218,POR,PHO,PHO,28,20,33,33,,,,114
19871218DENSAS,19871218,DEN,SAS,DEN,32,24,33,25,,,,114
19871218DENSAS,19871218,DEN,SAS,SAS,33,35,33,32,,,,133
19871219UTAATL,19871219,UTA,ATL,UTA,33,28,29,28,6,,,124
19871219UTAATL,19871219,UTA,ATL,ATL,32,30,22,34,12,,,130
19871219SEAGSW,19871219,SEA,GSW,SEA,28,29,35,37,,,,129
19871219SEAGSW,19871219,SEA,GSW,GSW,22,25,27,28,,,,102
19871219DENHOU,19871219,DEN,HOU,DEN,19,34,38,30,,,,121
19871219DENHOU,19871219,DEN,HOU,HOU,29,31,31,26,,,,117
19871219LALLAC,19871219,LAL,LAC,LAL,32,25,23,28,,,,108
19871219LALLAC,19871219,LAL,LAC,LAC,22,28,18,29,,,,97
19871219NJNNYK,19871219,NJN,NYK,NJN,26,21,19,27,,,,93
19871219NJNNYK,19871219,NJN,NYK,NYK,27,30,34,34,,,,125
19871219DALPHI,19871219,DAL,PHI,DAL,24,22,26,18,,,,90
19871219DALPHI,19871219,DAL,PHI,PHI,25,20,30,20,,,,95
19871219CHIWSB,19871219,CHI,WSB,CHI,25,24,25,22,,,,96
19871219CHIWSB,19871219,CHI,WSB,WSB,28,26,31,24,,,,109
19871220PHIBOS,19871220,PHI,BOS,PHI,19,15,25,28,,,,87
19871220PHIBOS,19871220,PHI,BOS,BOS,36,37,27,24,,,,124
19871220INDCLE,19871220,IND,CLE,IND,36,26,28,26,,,,116
19871220INDCLE,19871220,IND,CLE,CLE,25,30,38,34,,,,127
19871220SEALAL,19871220,SEA,LAL,SEA,20,22,27,25,,,,94
19871220SEALAL,19871220,SEA,LAL,LAL,29,26,26,22,,,,103
19871220SASPOR,19871220,SAS,POR,SAS,29,26,42,29,,,,126
19871220SASPOR,19871220,SAS,POR,POR,39,40,33,36,,,,148
19871220PHOSAC,19871220,PHO,SAC,PHO,38,30,20,32,,,,120
19871220PHOSAC,19871220,PHO,SAC,SAC,38,25,24,22,,,,109
19871221UTANJN,19871221,UTA,NJN,UTA,26,25,34,10,,,,95
19871221UTANJN,19871221,UTA,NJN,NJN,15,29,27,35,,,,106
19871222DALCHI,19871222,DAL,CHI,DAL,26,30,29,26,,,,111
19871222DALCHI,19871222,DAL,CHI,CHI,22,29,26,23,,,,100
19871222PHODEN,19871222,PHO,DEN,PHO,25,31,23,25,,,,104
19871222PHODEN,19871222,PHO,DEN,DEN,39,31,29,20,,,,119
19871222ATLHOU,19871222,ATL,HOU,ATL,28,20,28,27,,,,103
19871222ATLHOU,19871222,ATL,HOU,HOU,31,31,33,27,,,,122
19871222NYKMIL,19871222,NYK,MIL,NYK,23,32,20,30,,,,105
19871222NYKMIL,19871222,NYK,MIL,MIL,32,24,38,28,,,,122
19871222BOSPHI,19871222,BOS,PHI,BOS,27,27,34,30,,,,118
19871222BOSPHI,19871222,BOS,PHI,PHI,26,33,27,29,,,,115
19871222GSWPOR,19871222,GSW,POR,GSW,25,20,18,28,,,,91
19871222GSWPOR,19871222,GSW,POR,POR,36,39,38,23,,,,136
19871222SASSAC,19871222,SAS,SAC,SAS,26,21,26,23,,,,96
19871222SASSAC,19871222,SAS,SAC,SAC,34,24,35,27,,,,120
19871222CLEWSB,19871222,CLE,WSB,CLE,22,29,27,28,,,,106
19871222CLEWSB,19871222,CLE,WSB,WSB,29,26,27,20,,,,102
19871223UTACLE,19871223,UTA,CLE,UTA,20,17,21,33,,,,91
19871223UTACLE,19871223,UTA,CLE,CLE,18,28,21,16,,,,83
19871223DENGSW,19871223,DEN,GSW,DEN,23,32,22,40,,,,117
19871223DENGSW,19871223,DEN,GSW,GSW,30,29,29,41,,,,129
19871223DALIND,19871223,DAL,IND,DAL,31,25,29,25,,,,110
19871223DALIND,19871223,DAL,IND,IND,23,20,32,34,,,,109
19871223SASLAC,19871223,SAS,LAC,SAS,32,30,26,23,,,,111
19871223SASLAC,19871223,SAS,LAC,LAC,22,23,24,28,,,,97
19871223SACLAL,19871223,SAC,LAL,SAC,30,17,19,37,,,,103
19871223SACLAL,19871223,SAC,LAL,LAL,25,37,30,25,,,,117
19871223PHINJN,19871223,PHI,NJN,PHI,28,25,28,29,,,,110
19871223PHINJN,19871223,PHI,NJN,NJN,27,25,24,30,,,,106
19871223CHINYK,19871223,CHI,NYK,CHI,32,22,18,17,,,,89
19871223CHINYK,19871223,CHI,NYK,NYK,25,25,22,18,,,,90
19871223SEAPHO,19871223,SEA,PHO,SEA,32,26,23,22,,,,103
19871223SEAPHO,19871223,SEA,PHO,PHO,28,22,30,22,,,,102
19871225DETNYK,19871225,DET,NYK,DET,26,12,25,28,,,,91
19871225DETNYK,19871225,DET,NYK,NYK,25,19,24,19,,,,87
19871225ATLPHI,19871225,ATL,PHI,ATL,17,27,34,28,,,,106
19871225ATLPHI,19871225,ATL,PHI,PHI,31,16,25,28,,,,100
19871226NYKATL,19871226,NYK,ATL,NYK,27,21,23,27,,,,98
19871226NYKATL,19871226,NYK,ATL,ATL,34,29,30,32,,,,125
19871226PORCLE,19871226,POR,CLE,POR,28,27,32,30,,,,117
19871226PORCLE,19871226,POR,CLE,CLE,16,33,39,32,,,,120
19871226HOUDAL,19871226,HOU,DAL,HOU,25,24,28,23,,,,100
19871226HOUDAL,19871226,HOU,DAL,DAL,28,27,28,22,,,,105
19871226SEADEN,19871226,SEA,DEN,SEA,22,27,24,38,,,,111
19871226SEADEN,19871226,SEA,DEN,DEN,24,28,30,33,,,,115
19871226NJNDET,19871226,NJN,DET,NJN,15,25,23,12,,,,75
19871226NJNDET,19871226,NJN,DET,DET,30,27,23,30,,,,110
19871226CHIIND,19871226,CHI,IND,CHI,16,32,15,29,,,,92
19871226CHIIND,19871226,CHI,IND,IND,32,23,28,23,,,,106
19871226BOSLAC,19871226,BOS,LAC,BOS,17,35,22,32,,,,106
19871226BOSLAC,19871226,BOS,LAC,LAC,21,27,33,16,,,,97
19871226WSBMIL,19871226,WSB,MIL,WSB,26,28,26,17,,,,97
19871226WSBMIL,19871226,WSB,MIL,MIL,34,25,21,22,,,,102
19871226SACPHO,19871226,SAC,PHO,SAC,21,28,39,24,,,,112
19871226SACPHO,19871226,SAC,PHO,PHO,33,22,32,23,,,,110
19871226GSWSAS,19871226,GSW,SAS,GSW,25,27,22,22,,,,96
19871226GSWSAS,19871226,GSW,SAS,SAS,22,25,24,34,,,,105
19871226LALUTA,19871226,LAL,UTA,LAL,29,31,30,27,,,,117
19871226LALUTA,19871226,LAL,UTA,UTA,38,21,24,26,,,,109
19871227CLENJN,19871227,CLE,NJN,CLE,20,19,23,21,,,,83
19871227CLENJN,19871227,CLE,NJN,NJN,24,26,29,22,,,,101
19871227BOSSAC,19871227,BOS,SAC,BOS,28,23,35,28,,,,114
19871227BOSSAC,19871227,BOS,SAC,SAC,22,31,26,23,,,,102
19871228PHIPHO,19871228,PHI,PHO,PHI,27,22,27,25,,,,101
19871228PHIPHO,19871228,PHI,PHO,PHO,29,30,29,29,,,,117
19871228DENSEA,19871228,DEN,SEA,DEN,36,27,16,21,,,,100
19871228DENSEA,19871228,DEN,SEA,SEA,21,33,24,30,,,,108
19871229ATLCHI,19871229,ATL,CHI,ATL,23,33,26,26,,,,108
19871229ATLCHI,19871229,ATL,CHI,CHI,24,16,32,26,,,,98
19871229SACDAL,19871229,SAC,DAL,SAC,24,28,32,33,,,,117
19871229SACDAL,19871229,SAC,DAL,DAL,34,35,23,34,,,,126
19871229UTADEN,19871229,UTA,DEN,UTA,23,30,19,26,,,,98
19871229UTADEN,19871229,UTA,DEN,DEN,18,30,25,24,,,,97
19871229HOUDET,19871229,HOU,DET,HOU,24,22,30,25,,,,101
19871229HOUDET,19871229,HOU,DET,DET,27,30,10,24,,,,91
19871229PHILAL,19871229,PHI,LAL,PHI,39,27,24,25,,,,115
19871229PHILAL,19871229,PHI,LAL,LAL,35,40,35,21,,,,131
19871229MILNJN,19871229,MIL,NJN,MIL,28,26,25,27,,,,106
19871229MILNJN,19871229,MIL,NJN,NJN,19,18,20,31,,,,88
19871229PORNYK,19871229,POR,NYK,POR,29,27,27,27,,,,110
19871229PORNYK,19871229,POR,NYK,NYK,26,30,34,33,,,,123
19871230ATLCLE,19871230,ATL,CLE,ATL,30,39,25,23,,,,117
19871230ATLCLE,19871230,ATL,CLE,CLE,22,32,30,26,,,,110
19871230DETIND,19871230,DET,IND,DET,18,29,35,23,,,,105
19871230DETIND,19871230,DET,IND,IND,29,20,16,30,,,,95
19871230PHOLAC,19871230,PHO,LAC,PHO,21,25,32,43,,,,121
19871230PHOLAC,19871230,PHO,LAC,LAC,32,30,25,15,,,,102
19871230HOUMIL,19871230,HOU,MIL,HOU,22,23,30,27,,,,102
19871230HOUMIL,19871230,HOU,MIL,MIL,31,22,17,23,,,,93
19871230SACSAS,19871230,SAC,SAS,SAC,25,30,26,27,,,,108
19871230SACSAS,19871230,SAC,SAS,SAS,39,35,34,32,,,,140
19871230BOSSEA,19871230,BOS,SEA,BOS,27,25,29,24,,,,105
19871230BOSSEA,19871230,BOS,SEA,SEA,24,29,32,26,,,,111
19871230GSWUTA,19871230,GSW,UTA,GSW,28,31,22,22,,,,103
19871230GSWUTA,19871230,GSW,UTA,UTA,25,25,27,27,,,,104
19871230PORWSB,19871230,POR,WSB,POR,29,34,27,27,,,,117
19871230PORWSB,19871230,POR,WSB,WSB,28,23,29,32,,,,112
19880101LACNYK,19880101,LAC,NYK,LAC,24,28,24,20,,,,96
19880101LACNYK,19880101,LAC,NYK,NYK,31,22,28,34,,,,115
19880101PHIPOR,19880101,PHI,POR,PHI,32,35,29,29,,,,125
19880101PHIPOR,19880101,PHI,POR,POR,21,36,34,36,,,,127
19880101DENWSB,19880101,DEN,WSB,DEN,33,26,34,31,,,,124
19880101DENWSB,19880101,DEN,WSB,WSB,29,23,28,29,,,,109
19880102NJNCHI,19880102,NJN,CHI,NJN,26,16,26,25,,,,93
19880102NJNCHI,19880102,NJN,CHI,CHI,23,34,24,35,,,,116
19880102PHOCLE,19880102,PHO,CLE,PHO,26,23,28,30,,,,107
19880102PHOCLE,19880102,PHO,CLE,CLE,32,32,32,24,,,,120
19880102DENDET,19880102,DEN,DET,DEN,35,45,35,36,,,,151
19880102DENDET,19880102,DEN,DET,DET,40,30,36,36,,,,142
19880102BOSGSW,19880102,BOS,GSW,BOS,39,21,33,22,,,,115
19880102BOSGSW,19880102,BOS,GSW,GSW,29,33,28,20,,,,110
19880102INDMIL,19880102,IND,MIL,IND,22,31,26,20,,,,99
19880102INDMIL,19880102,IND,MIL,MIL,26,29,23,19,,,,97
19880102UTASAC,19880102,UTA,SAC,UTA,22,37,22,24,,,,105
19880102UTASAC,19880102,UTA,SAC,SAC,33,24,28,22,,,,107
19880102DALSAS,19880102,DAL,SAS,DAL,33,18,36,29,,,,116
19880102DALSAS,19880102,DAL,SAS,SAS,26,31,31,21,,,,109
19880102PHISEA,19880102,PHI,SEA,PHI,28,28,34,24,,,,114
19880102PHISEA,19880102,PHI,SEA,SEA,26,36,31,23,,,,116
19880102HOUWSB,19880102,HOU,WSB,HOU,31,26,28,26,,,,111
19880102HOUWSB,19880102,HOU,WSB,WSB,18,22,22,38,,,,100
19880103LACATL,19880103,LAC,ATL,LAC,22,18,23,21,,,,84
19880103LACATL,19880103,LAC,ATL,ATL,42,32,24,23,,,,121
19880103LALPOR,19880103,LAL,POR,LAL,26,31,21,20,,,,98
19880103LALPOR,19880103,LAL,POR,POR,28,16,19,18,,,,81
19880104DENCLE,19880104,DEN,CLE,DEN,24,29,21,27,,,,101
19880104DENCLE,19880104,DEN,CLE,CLE,40,29,24,29,,,,122
19880104DALHOU,19880104,DAL,HOU,DAL,28,22,25,32,,,,107
19880104DALHOU,19880104,DAL,HOU,HOU,26,33,30,28,,,,117
19880104SASLAL,19880104,SAS,LAL,SAS,31,24,25,35,,,,115
19880104SASLAL,19880104,SAS,LAL,LAL,32,31,32,38,,,,133
19880104PHOPHI,19880104,PHO,PHI,PHO,36,19,24,35,,,,114
19880104PHOPHI,19880104,PHO,PHI,PHI,29,32,28,33,,,,122
19880104BOSUTA,19880104,BOS,UTA,BOS,32,21,26,28,,,,107
19880104BOSUTA,19880104,BOS,UTA,UTA,23,29,30,17,,,,99
19880105DETATL,19880105,DET,ATL,DET,19,21,16,15,,,,71
19880105DETATL,19880105,DET,ATL,ATL,29,14,16,22,,,,81
19880105INDCHI,19880105,IND,CHI,IND,13,22,15,27,,,,77
19880105INDCHI,19880105,IND,CHI,CHI,22,27,18,26,,,,93
19880105SASGSW,19880105,SAS,GSW,SAS,28,25,35,31,,,,119
19880105SASGSW,19880105,SAS,GSW,GSW,36,27,36,30,,,,129
19880105LACMIL,19880105,LAC,MIL,LAC,17,14,23,28,,,,82
19880105LACMIL,19880105,LAC,MIL,MIL,20,26,28,24,,,,98
19880105PHONYK,19880105,PHO,NYK,PHO,21,27,26,26,,,,100
19880105PHONYK,19880105,PHO,NYK,NYK,25,22,23,25,,,,95
19880105SEAPOR,19880105,SEA,POR,SEA,34,26,27,27,,,,114
19880105SEAPOR,19880105,SEA,POR,POR,33,33,30,30,,,,126
19880105NJNWSB,19880105,NJN,WSB,NJN,18,19,26,34,,,,97
19880105NJNWSB,19880105,NJN,WSB,WSB,30,19,18,34,,,,101
19880106NYKBOS,19880106,NYK,BOS,NYK,26,29,26,27,,,,108
19880106NYKBOS,19880106,NYK,BOS,BOS,29,34,29,25,,,,117
19880106LACCLE,19880106,LAC,CLE,LAC,26,20,25,29,,,,100
19880106LACCLE,19880106,LAC,CLE,CLE,28,25,35,28,,,,116
19880106ATLDET,19880106,ATL,DET,ATL,26,17,28,16,,,,87
19880106ATLDET,19880106,ATL,DET,DET,23,20,23,24,,,,90
19880106DALLAL,19880106,DAL,LAL,DAL,26,30,17,16,,,,89
19880106DALLAL,19880106,DAL,LAL,LAL,28,16,25,34,,,,103
19880106DENNJN,19880106,DEN,NJN,DEN,22,25,26,25,,,,98
19880106DENNJN,19880106,DEN,NJN,NJN,33,27,15,18,,,,93
19880106UTAPHI,19880106,UTA,PHI,UTA,20,26,22,25,,,,93
19880106UTAPHI,19880106,UTA,PHI,PHI,25,29,26,36,,,,116
19880106HOUSEA,19880106,HOU,SEA,HOU,20,34,18,23,,,,95
19880106HOUSEA,19880106,HOU,SEA,SEA,32,30,24,24,,,,110
19880107DENCHI,19880107,DEN,CHI,DEN,24,28,23,21,,,,96
19880107DENCHI,19880107,DEN,CHI,CHI,17,32,26,25,,,,100
19880107HOUGSW,19880107,HOU,GSW,HOU,36,21,30,33,,,,120
19880107HOUGSW,19880107,HOU,GSW,GSW,23,36,25,29,,,,113
19880107MILIND,19880107,MIL,IND,MIL,30,32,22,24,,,,108
19880107MILIND,19880107,MIL,IND,IND,26,34,26,28,,,,114
19880107DALPHO,19880107,DAL,PHO,DAL,29,23,28,25,,,,105
19880107DALPHO,19880107,DAL,PHO,PHO,16,29,23,23,,,,91
19880107SASSAC,19880107,SAS,SAC,SAS,28,33,28,35,,,,124
19880107SASSAC,19880107,SAS,SAC,SAC,38,25,20,36,,,,119
19880108CLEATL,19880108,CLE,ATL,CLE,24,24,29,20,,,,97
19880108CLEATL,19880108,CLE,ATL,ATL,25,26,27,23,,,,101
19880108WSBBOS,19880108,WSB,BOS,WSB,24,43,27,15,,,,109
19880108WSBBOS,19880108,WSB,BOS,BOS,34,28,30,33,,,,125
19880108LALDET,19880108,LAL,DET,LAL,27,18,41,20,,,,106
19880108LALDET,19880108,LAL,DET,DET,30,26,24,24,,,,104
19880108UTAMIL,19880108,UTA,MIL,UTA,28,21,31,31,,,,111
19880108UTAMIL,19880108,UTA,MIL,MIL,22,39,20,26,,,,107
19880108NYKNJN,19880108,NYK,NJN,NYK,35,28,15,33,,,,111
19880108NYKNJN,19880108,NYK,NJN,NJN,33,20,25,40,,,,118
19880108LACPHI,19880108,LAC,PHI,LAC,24,31,23,25,,,,103
19880108LACPHI,19880108,LAC,PHI,PHI,29,25,38,25,,,,117
19880108SACPOR,19880108,SAC,POR,SAC,16,15,32,28,,,,91
19880108SACPOR,19880108,SAC,POR,POR,27,20,27,24,,,,98
19880109DENATL,19880109,DEN,ATL,DEN,26,26,26,27,,,,105
19880109DENATL,19880109,DEN,ATL,ATL,29,28,32,24,,,,113
19880109UTACHI,19880109,UTA,CHI,UTA,32,22,19,18,,,,91
19880109UTACHI,19880109,UTA,CHI,CHI,30,26,31,26,,,,113
19880109DALGSW,19880109,DAL,GSW,DAL,27,25,37,26,,,,115
19880109DALGSW,19880109,DAL,GSW,GSW,31,16,23,29,,,,99
19880109PHOHOU,19880109,PHO,HOU,PHO,32,30,22,14,,,,98
19880109PHOHOU,19880109,PHO,HOU,HOU,26,27,29,22,,,,104
19880109LALIND,19880109,LAL,IND,LAL,21,27,25,28,,,,101
19880109LALIND,19880109,LAL,IND,IND,28,24,24,22,,,,98
19880109BOSNYK,19880109,BOS,NYK,BOS,35,20,19,24,,,,98
19880109BOSNYK,19880109,BOS,NYK,NYK,27,26,24,29,,,,106
19880109CLEPHI,19880109,CLE,PHI,CLE,14,29,41,26,,,,110
19880109CLEPHI,19880109,CLE,PHI,PHI,30,32,34,30,,,,126
19880109SASSEA,19880109,SAS,SEA,SAS,32,36,29,36,,,,133
19880109SASSEA,19880109,SAS,SEA,SEA,26,34,39,42,,,,141
19880109LACWSB,19880109,LAC,WSB,LAC,26,14,19,17,,,,76
19880109LACWSB,19880109,LAC,WSB,WSB,26,27,29,26,,,,108
19880110NJNMIL,19880110,NJN,MIL,NJN,17,21,26,23,,,,87
19880110NJNMIL,19880110,NJN,MIL,MIL,23,30,24,28,,,,105
19880110SEASAC,19880110,SEA,SAC,SEA,27,35,24,22,,,,108
19880110SEASAC,19880110,SEA,SAC,SAC,31,18,31,29,,,,109
19880111LACIND,19880111,LAC,IND,LAC,26,16,25,23,,,,90
19880111LACIND,19880111,LAC,IND,IND,26,24,33,28,,,,111
19880111DENPHO,19880111,DEN,PHO,DEN,27,30,32,26,,,,115
19880111DENPHO,19880111,DEN,PHO,PHO,36,30,30,31,,,,127
19880112BOSCHI,19880112,BOS,CHI,BOS,25,20,24,35,,,,104
19880112BOSCHI,19880112,BOS,CHI,CHI,28,11,28,30,,,,97
19880112NYKCLE,19880112,NYK,CLE,NYK,25,28,24,34,,,,111
19880112NYKCLE,19880112,NYK,CLE,CLE,38,27,26,28,,,,119
19880112GSWLAL,19880112,GSW,LAL,GSW,30,29,24,30,,,,113
19880112GSWLAL,19880112,GSW,LAL,LAL,28,20,31,38,,,,117
19880112PHIMIL,19880112,PHI,MIL,PHI,25,24,27,27,,,,103
19880112PHIMIL,19880112,PHI,MIL,MIL,21,25,25,35,,,,106
19880113DETBOS,19880113,DET,BOS,DET,25,38,22,20,,,,105
19880113DETBOS,19880113,DET,BOS,BOS,28,35,43,37,,,,143
19880113INDDAL,19880113,IND,DAL,IND,36,25,31,16,,,,108
19880113INDDAL,19880113,IND,DAL,DAL,30,32,27,21,,,,110
19880113LALLAC,19880113,LAL,LAC,LAL,25,23,25,25,11,,,109
19880113LALLAC,19880113,LAL,LAC,LAC,31,25,21,21,12,,,110
19880113NJNPHI,19880113,NJN,PHI,NJN,20,20,32,23,,,,95
19880113NJNPHI,19880113,NJN,PHI,PHI,31,25,18,30,,,,104
19880113HOUPHO,19880113,HOU,PHO,HOU,30,25,24,27,,,,106
19880113HOUPHO,19880113,HOU,PHO,PHO,31,27,30,29,,,,117
19880113ATLSAS,19880113,ATL,SAS,ATL,26,37,24,33,,,,120
19880113ATLSAS,19880113,ATL,SAS,SAS,27,28,27,28,,,,110
19880113GSWSEA,19880113,GSW,SEA,GSW,25,34,22,34,,,,115
19880113GSWSEA,19880113,GSW,SEA,SEA,36,35,37,36,,,,144
19880113PORUTA,19880113,POR,UTA,POR,23,22,33,26,,,,104
19880113PORUTA,19880113,POR,UTA,UTA,30,35,28,23,,,,116
19880114CHICLE,19880114,CHI,CLE,CHI,24,24,20,14,6,,,88
19880114CHICLE,19880114,CHI,CLE,CLE,21,29,16,16,9,,,91
19880114ATLDEN,19880114,ATL,DEN,ATL,25,28,28,31,,,,112
19880114ATLDEN,19880114,ATL,DEN,DEN,32,29,28,26,,,,115
19880114PORHOU,19880114,POR,HOU,POR,29,24,25,20,,,,98
19880114PORHOU,19880114,POR,HOU,HOU,28,20,25,30,,,,103
19880114SACNJN,19880114,SAC,NJN,SAC,18,25,21,23,,,,87
19880114SACNJN,19880114,SAC,NJN,NJN,17,32,24,17,,,,90
19880114MILWSB,19880114,MIL,WSB,MIL,29,31,21,26,,,,107
19880114MILWSB,19880114,MIL,WSB,WSB,33,30,36,37,,,,136
19880115SACBOS,19880115,SAC,BOS,SAC,11,27,19,29,,,,86
19880115SACBOS,19880115,SAC,BOS,BOS,34,27,39,22,,,,122
19880115CLEDET,19880115,CLE,DET,CLE,25,28,26,14,,,,93
19880115CLEDET,19880115,CLE,DET,DET,27,19,23,28,,,,97
19880115LACGSW,19880115,LAC,GSW,LAC,23,30,36,27,,,,116
19880115LACGSW,19880115,LAC,GSW,GSW,35,26,28,34,,,,123
19880115NYKPHI,19880115,NYK,PHI,NYK,30,28,15,31,,,,104
19880115NYKPHI,19880115,NYK,PHI,PHI,22,28,33,36,,,,119
19880115INDSAS,19880115,IND,SAS,IND,32,25,26,29,,,,112
19880115INDSAS,19880115,IND,SAS,SAS,33,37,21,17,,,,108
19880115UTASEA,19880115,UTA,SEA,UTA,24,29,22,30,,,,105
19880115UTASEA,19880115,UTA,SEA,SEA,39,27,28,30,,,,124
19880116DETCHI,19880116,DET,CHI,DET,22,26,27,24,,,,99
19880116DETCHI,19880116,DET,CHI,CHI,25,23,36,31,,,,115
19880116ATLDAL,19880116,ATL,DAL,ATL,18,24,35,24,,,,101
19880116ATLDAL,19880116,ATL,DAL,DAL,25,26,26,21,,,,98
19880116GSWDEN,19880116,GSW,DEN,GSW,20,20,34,20,,,,94
19880116GSWDEN,19880116,GSW,DEN,DEN,29,39,19,28,,,,115
19880116INDHOU,19880116,IND,HOU,IND,26,31,21,24,,,,102
19880116INDHOU,19880116,IND,HOU,HOU,34,33,33,32,,,,132
19880116SEALAC,19880116,SEA,LAC,SEA,35,25,15,25,14,,,114
19880116SEALAC,19880116,SEA,LAC,LAC,24,29,25,22,12,,,112
19880116BOSNJN,19880116,BOS,NJN,BOS,28,26,27,22,,,,103
19880116BOSNJN,19880116,BOS,NJN,NJN,26,30,23,17,,,,96
19880116PHINYK,19880116,PHI,NYK,PHI,25,23,27,21,,,,96
19880116PHINYK,19880116,PHI,NYK,NYK,29,29,26,26,,,,110
19880116LALPHO,19880116,LAL,PHO,LAL,28,27,26,26,,,,107
19880116LALPHO,19880116,LAL,PHO,PHO,22,22,24,28,,,,96
19880116PORSAS,19880116,POR,SAS,POR,35,28,27,31,,,,121
19880116PORSAS,19880116,POR,SAS,SAS,27,33,28,32,,,,120
19880117CLEMIL,19880117,CLE,MIL,CLE,19,24,17,33,,,,93
19880117CLEMIL,19880117,CLE,MIL,MIL,24,23,32,32,,,,111
19880117SACWSB,19880117,SAC,WSB,SAC,27,30,26,30,,,,113
19880117SACWSB,19880117,SAC,WSB,WSB,32,39,31,28,,,,130
19880118GSWBOS,19880118,GSW,BOS,GSW,30,18,30,23,,,,101
19880118GSWBOS,19880118,GSW,BOS,BOS,35,26,35,25,,,,121
19880118WSBCHI,19880118,WSB,CHI,WSB,28,24,24,27,,,,103
19880118WSBCHI,19880118,WSB,CHI,CHI,27,26,32,32,,,,117
19880118DETDEN,19880118,DET,DEN,DET,29,30,24,40,,,,123
19880118DETDEN,19880118,DET,DEN,DEN,27,23,39,27,,,,116
19880118DALLAC,19880118,DAL,LAC,DAL,22,20,31,26,,,,99
19880118DALLAC,19880118,DAL,LAC,LAC,24,17,22,24,,,,87
19880118HOULAL,19880118,HOU,LAL,HOU,22,32,29,27,,,,110
19880118HOULAL,19880118,HOU,LAL,LAL,41,31,25,24,,,,121
19880118PHONJN,19880118,PHO,NJN,PHO,30,29,29,25,,,,113
19880118PHONJN,19880118,PHO,NJN,NJN,21,32,31,33,,,,117
19880118ATLNYK,19880118,ATL,NYK,ATL,34,28,19,21,,,,102
19880118ATLNYK,19880118,ATL,NYK,NYK,33,31,22,24,,,,110
19880118INDSEA,19880118,IND,SEA,IND,22,25,23,35,,,,105
19880118INDSEA,19880118,IND,SEA,SEA,30,22,36,27,,,,115
19880119CHIATL,19880119,CHI,ATL,CHI,22,26,26,20,,,,94
19880119CHIATL,19880119,CHI,ATL,ATL,37,19,21,29,,,,106
19880119DALPOR,19880119,DAL,POR,DAL,24,25,36,35,,,,120
19880119DALPOR,19880119,DAL,POR,POR,22,30,31,33,,,,116
19880119HOUSAC,19880119,HOU,SAC,HOU,24,32,24,24,,,,104
19880119HOUSAC,19880119,HOU,SAC,SAC,20,31,25,31,,,,107
19880119MILSAS,19880119,MIL,SAS,MIL,29,26,31,18,,,,104
19880119MILSAS,19880119,MIL,SAS,SAS,28,23,24,35,,,,110
19880120PHOBOS,19880120,PHO,BOS,PHO,26,26,23,40,,,,115
19880120PHOBOS,19880120,PHO,BOS,BOS,35,26,37,33,,,,131
19880120INDLAC,19880120,IND,LAC,IND,28,22,18,29,,,,97
19880120INDLAC,19880120,IND,LAC,LAC,22,28,33,21,,,,104
19880120GSWNJN,19880120,GSW,NJN,GSW,24,25,26,28,,,,103
19880120GSWNJN,19880120,GSW,NJN,NJN,26,24,35,16,,,,101
19880120WSBPHI,19880120,WSB,PHI,WSB,18,24,31,37,,,,110
19880120WSBPHI,19880120,WSB,PHI,PHI,23,29,22,24,,,,98
19880120NYKSEA,19880120,NYK,SEA,NYK,16,33,18,29,,,,96
19880120NYKSEA,19880120,NYK,SEA,SEA,38,21,23,26,,,,108
19880120DETUTA,19880120,DET,UTA,DET,27,35,22,36,,,,120
19880120DETUTA,19880120,DET,UTA,UTA,33,27,27,30,,,,117
19880121ATLCLE,19880121,ATL,CLE,ATL,27,30,22,22,,,,101
19880121ATLCLE,19880121,ATL,CLE,CLE,26,18,29,20,,,,93
19880121LALDEN,19880121,LAL,DEN,LAL,37,20,31,25,,,,113
19880121LALDEN,19880121,LAL,DEN,DEN,23,38,32,22,,,,115
19880121MILHOU,19880121,MIL,HOU,MIL,28,29,24,22,,,,103
19880121MILHOU,19880121,MIL,HOU,HOU,33,31,28,24,,,,116
19880122ATLBOS,19880122,ATL,BOS,ATL,27,27,21,31,,,,106
19880122ATLBOS,19880122,ATL,BOS,BOS,34,30,31,29,,,,124
19880122PHOCHI,19880122,PHO,CHI,PHO,19,30,23,36,,,,108
19880122PHOCHI,19880122,PHO,CHI,CHI,26,25,34,33,,,,118
19880122LACDAL,19880122,LAC,DAL,LAC,24,22,24,17,,,,87
19880122LACDAL,19880122,LAC,DAL,DAL,28,25,27,30,,,,110
19880122NJNIND,19880122,NJN,IND,NJN,19,22,28,35,,,,104
19880122NJNIND,19880122,NJN,IND,IND,24,37,20,32,,,,113
19880122NYKLAL,19880122,NYK,LAL,NYK,35,19,28,30,,,,112
19880122NYKLAL,19880122,NYK,LAL,LAL,25,31,25,32,,,,113
19880122DENPOR,19880122,DEN,POR,DEN,25,27,32,22,,,,106
19880122DENPOR,19880122,DEN,POR,POR,34,31,30,31,,,,126
19880122DETSEA,19880122,DET,SEA,DET,24,34,28,20,,,,106
19880122DETSEA,19880122,DET,SEA,SEA,34,22,30,23,,,,109
19880122SASUTA,19880122,SAS,UTA,SAS,29,27,31,19,,,,106
19880122SASUTA,19880122,SAS,UTA,UTA,33,29,22,35,,,,119
19880122GSWWSB,19880122,GSW,WSB,GSW,22,20,29,20,,,,91
19880122GSWWSB,19880122,GSW,WSB,WSB,32,29,30,24,,,,115
19880123GSWCHI,19880123,GSW,CHI,GSW,24,21,28,21,,,,94
19880123GSWCHI,19880123,GSW,CHI,CHI,26,32,33,30,,,,121
19880123BOSCLE,19880123,BOS,CLE,BOS,22,26,26,26,,,,100
19880123BOSCLE,19880123,BOS,CLE,CLE,25,28,31,35,,,,119
19880123MILDAL,19880123,MIL,DAL,MIL,36,16,26,19,,,,97
19880123MILDAL,19880123,MIL,DAL,DAL,20,34,29,30,,,,113
19880123NYKSAC,19880123,NYK,SAC,NYK,27,21,24,22,,,,94
19880123NYKSAC,19880123,NYK,SAC,SAC,24,32,20,21,,,,97
19880123LACSAS,19880123,LAC,SAS,LAC,21,25,28,26,,,,100
19880123LACSAS,19880123,LAC,SAS,SAS,25,24,28,29,,,,106
19880124NJNATL,19880124,NJN,ATL,NJN,27,23,23,38,,,,111
19880124NJNATL,19880124,NJN,ATL,ATL,24,36,28,30,,,,118
19880124PHOIND,19880124,PHO,IND,PHO,26,27,23,33,,,,109
19880124PHOIND,19880124,PHO,IND,IND,28,32,32,36,,,,128
19880124DETPOR,19880124,DET,POR,DET,29,31,23,28,,,,111
19880124DETPOR,19880124,DET,POR,POR,34,32,20,33,,,,119
19880124LALSEA,19880124,LAL,SEA,LAL,22,28,31,35,,,,116
19880124LALSEA,19880124,LAL,SEA,SEA,29,28,21,31,,,,109
19880124PHIWSB,19880124,PHI,WSB,PHI,28,17,24,30,,,,99
19880124PHIWSB,19880124,PHI,WSB,WSB,31,28,36,36,,,,131
19880125MILGSW,19880125,MIL,GSW,MIL,24,25,36,23,,,,108
19880125MILGSW,19880125,MIL,GSW,GSW,26,38,18,23,,,,105
19880125CLEUTA,19880125,CLE,UTA,CLE,27,24,16,29,,,,96
19880125CLEUTA,19880125,CLE,UTA,UTA,28,24,40,27,,,,119
19880125PHIWSB,19880125,PHI,WSB,PHI,27,34,22,22,12,,,117
19880125PHIWSB,19880125,PHI,WSB,WSB,28,31,22,24,13,,,118
19880126BOSATL,19880126,BOS,ATL,BOS,23,26,26,27,,,,102
19880126BOSATL,19880126,BOS,ATL,ATL,22,31,22,22,,,,97
19880126SASDAL,19880126,SAS,DAL,SAS,32,24,31,24,,,,111
19880126SASDAL,19880126,SAS,DAL,DAL,32,33,32,31,,,,128
19880126LACHOU,19880126,LAC,HOU,LAC,27,19,31,27,,,,104
19880126LACHOU,19880126,LAC,HOU,HOU,34,36,26,28,,,,124
19880126CHIIND,19880126,CHI,IND,CHI,22,23,25,23,,,,93
19880126CHIIND,19880126,CHI,IND,IND,31,28,15,23,,,,97
19880126UTALAL,19880126,UTA,LAL,UTA,25,23,22,30,,,,100
19880126UTALAL,19880126,UTA,LAL,LAL,34,31,24,22,,,,111
19880126NJNNYK,19880126,NJN,NYK,NJN,24,25,27,25,,,,101
19880126NJNNYK,19880126,NJN,NYK,NYK,28,34,28,32,,,,122
19880126MILPOR,19880126,MIL,POR,MIL,30,25,27,24,,,,106
19880126MILPOR,19880126,MIL,POR,POR,26,28,32,26,,,,112
19880126SEASAC,19880126,SEA,SAC,SEA,27,25,30,34,,,,116
19880126SEASAC,19880126,SEA,SAC,SAC,25,30,27,18,,,,100
19880127WSBBOS,19880127,WSB,BOS,WSB,25,25,20,30,,,,100
19880127WSBBOS,19880127,WSB,BOS,BOS,38,15,28,25,,,,106
19880127INDDET,19880127,IND,DET,IND,25,28,18,15,,,,86
19880127INDDET,19880127,IND,DET,DET,28,30,23,22,,,,103
19880127PORGSW,19880127,POR,GSW,POR,25,31,25,29,,,,110
19880127PORGSW,19880127,POR,GSW,GSW,31,28,25,31,,,,115
19880127CHIPHI,19880127,CHI,PHI,CHI,25,30,25,25,14,,,119
19880127CHIPHI,19880127,CHI,PHI,PHI,26,27,26,26,4,,,109
19880127DALPHO,19880127,DAL,PHO,DAL,27,30,25,39,,,,121
19880127DALPHO,19880127,DAL,PHO,PHO,20,27,32,23,,,,102
19880127CLESAS,19880127,CLE,SAS,CLE,23,30,31,28,,,,112
19880127CLESAS,19880127,CLE,SAS,SAS,33,26,20,23,,,,102
19880128MILDEN,19880128,MIL,DEN,MIL,32,22,22,37,,,,113
19880128MILDEN,19880128,MIL,DEN,DEN,31,32,21,38,,,,122
19880128CLEHOU,19880128,CLE,HOU,CLE,25,28,24,32,,,,109
19880128CLEHOU,19880128,CLE,HOU,HOU,20,24,20,21,,,,85
19880128LALSAC,19880128,LAL,SAC,LAL,36,27,26,26,,,,115
19880128LALSAC,19880128,LAL,SAC,SAC,20,24,26,24,,,,94
19880128NYKWSB,19880128,NYK,WSB,NYK,21,28,23,18,,,,90
19880128NYKWSB,19880128,NYK,WSB,WSB,29,22,21,32,,,,104
19880129NJNCHI,19880129,NJN,CHI,NJN,25,26,19,23,,,,93
19880129NJNCHI,19880129,NJN,CHI,CHI,31,31,32,26,,,,120
19880129SEADAL,19880129,SEA,DAL,SEA,31,17,27,34,,,,109
19880129SEADAL,19880129,SEA,DAL,DAL,32,27,24,34,,,,117
19880129BOSDET,19880129,BOS,DET,BOS,28,28,25,27,,,,108
19880129BOSDET,19880129,BOS,DET,DET,30,32,26,37,,,,125
19880129UTAGSW,19880129,UTA,GSW,UTA,28,35,18,19,,,,100
19880129UTAGSW,19880129,UTA,GSW,GSW,26,26,23,27,,,,102
19880129MILLAC,19880129,MIL,LAC,MIL,27,27,19,24,,,,97
19880129MILLAC,19880129,MIL,LAC,LAC,30,19,14,25,,,,88
19880129ATLLAL,19880129,ATL,LAL,ATL,28,26,34,19,,,,107
19880129ATLLAL,19880129,ATL,LAL,LAL,33,31,20,33,,,,117
19880129INDPHI,19880129,IND,PHI,IND,26,18,21,24,,,,89
19880129INDPHI,19880129,IND,PHI,PHI,28,21,29,16,,,,94
19880129PHOPOR,19880129,PHO,POR,PHO,30,36,30,23,,,,119
19880129PHOPOR,19880129,PHO,POR,POR,28,30,33,37,,,,128
19880130NYKCHI,19880130,NYK,CHI,NYK,23,24,25,19,4,,,95
19880130NYKCHI,19880130,NYK,CHI,CHI,22,32,18,19,6,,,97
19880130WSBCLE,19880130,WSB,CLE,WSB,24,29,36,26,11,,,126
19880130WSBCLE,19880130,WSB,CLE,CLE,30,24,30,31,13,,,128
19880130HOUDAL,19880130,HOU,DAL,HOU,30,18,29,31,,,,108
19880130HOUDAL,19880130,HOU,DAL,DAL,23,25,19,25,,,,92
19880130LACDEN,19880130,LAC,DEN,LAC,29,26,22,29,,,,106
19880130LACDEN,19880130,LAC,DEN,DEN,37,25,34,28,,,,124
19880130DETNJN,19880130,DET,NJN,DET,24,18,32,30,,,,104
19880130DETNJN,19880130,DET,NJN,NJN,31,24,31,30,,,,116
19880130SACPHO,19880130,SAC,PHO,SAC,27,34,34,31,,,,126
19880130SACPHO,19880130,SAC,PHO,PHO,31,27,22,40,,,,120
19880130SEASAS,19880130,SEA,SAS,SEA,33,21,22,24,2,,,102
19880130SEASAS,19880130,SEA,SAS,SAS,23,29,32,16,12,,,112
19880130ATLUTA,19880130,ATL,UTA,ATL,35,29,23,22,,,,109
19880130ATLUTA,19880130,ATL,UTA,UTA,30,33,26,26,,,,115
19880131PHIBOS,19880131,PHI,BOS,PHI,19,10,24,32,,,,85
19880131PHIBOS,19880131,PHI,BOS,BOS,24,19,31,26,,,,100
19880201DETCLE,19880201,DET,CLE,DET,22,22,22,17,,,,83
19880201DETCLE,19880201,DET,CLE,CLE,25,24,23,22,,,,94
19880201NJNDAL,19880201,NJN,DAL,NJN,30,27,22,29,,,,108
19880201NJNDAL,19880201,NJN,DAL,DAL,31,25,22,25,,,,103
19880201GSWIND,19880201,GSW,IND,GSW,21,16,24,27,,,,88
19880201GSWIND,19880201,GSW,IND,IND,30,21,20,19,,,,90
19880201CHISAC,19880201,CHI,SAC,CHI,21,23,25,26,,,,95
19880201CHISAC,19880201,CHI,SAC,SAC,22,27,26,22,,,,97
19880201SEAUTA,19880201,SEA,UTA,SEA,29,23,23,25,,,,100
19880201SEAUTA,19880201,SEA,UTA,UTA,25,24,30,26,,,,105
19880202PHOHOU,19880202,PHO,HOU,PHO,28,24,23,24,,,,99
19880202PHOHOU,19880202,PHO,HOU,HOU,30,25,29,25,,,,109
19880202CHILAL,19880202,CHI,LAL,CHI,21,27,19,34,,,,101
19880202CHILAL,19880202,CHI,LAL,LAL,26,29,28,27,,,,110
19880202DETMIL,19880202,DET,MIL,DET,20,24,26,29,,,,99
19880202DETMIL,19880202,DET,MIL,MIL,25,20,27,25,,,,97
19880202WSBNYK,19880202,WSB,NYK,WSB,24,25,37,20,,,,106
19880202WSBNYK,19880202,WSB,NYK,NYK,23,28,29,30,,,,110
19880202ATLPOR,19880202,ATL,POR,ATL,35,21,26,36,,,,118
19880202ATLPOR,19880202,ATL,POR,POR,19,29,37,36,,,,121
19880202NJNSAS,19880202,NJN,SAS,NJN,18,29,32,27,,,,106
19880202NJNSAS,19880202,NJN,SAS,SAS,32,26,31,29,,,,118
19880203INDBOS,19880203,IND,BOS,IND,23,35,20,25,,,,103
19880203INDBOS,19880203,IND,BOS,BOS,32,34,23,29,,,,118
19880203DALDEN,19880203,DAL,DEN,DAL,22,24,29,30,,,,105
19880203DALDEN,19880203,DAL,DEN,DEN,24,29,27,35,,,,115
19880203GSWPHI,19880203,GSW,PHI,GSW,22,16,21,25,,,,84
19880203GSWPHI,19880203,GSW,PHI,PHI,23,25,27,21,,,,96
19880203SACUTA,19880203,SAC,UTA,SAC,28,17,22,24,,,,91
19880203SACUTA,19880203,SAC,UTA,UTA,30,26,38,29,,,,123
19880203CLEWSB,19880203,CLE,WSB,CLE,35,25,28,19,,,,107
19880203CLEWSB,19880203,CLE,WSB,WSB,23,36,30,17,,,,106
19880204GSWCLE,19880204,GSW,CLE,GSW,26,26,16,18,10,,,96
19880204GSWCLE,19880204,GSW,CLE,CLE,29,20,15,22,4,,,90
19880204NJNHOU,19880204,NJN,HOU,NJN,22,20,19,26,,,,87
19880204NJNHOU,19880204,NJN,HOU,HOU,22,40,24,29,,,,115
19880204PHIIND,19880204,PHI,IND,PHI,28,23,23,21,,,,95
19880204PHIIND,19880204,PHI,IND,IND,26,28,24,31,,,,109
19880204LALLAC,19880204,LAL,LAC,LAL,30,21,30,36,,,,117
19880204LALLAC,19880204,LAL,LAC,LAC,20,28,19,19,,,,86
19880204BOSMIL,19880204,BOS,MIL,BOS,25,25,28,23,,,,101
19880204BOSMIL,19880204,BOS,MIL,MIL,33,29,22,27,,,,111
19880204DETNYK,19880204,DET,NYK,DET,22,18,29,24,,,,93
19880204DETNYK,19880204,DET,NYK,NYK,26,19,27,28,,,,100
19880204CHIPHO,19880204,CHI,PHO,CHI,33,25,29,26,,,,113
19880204CHIPHO,19880204,CHI,PHO,PHO,32,31,22,16,,,,101
19880204UTAPOR,19880204,UTA,POR,UTA,29,33,32,32,,,,126
19880204UTAPOR,19880204,UTA,POR,POR,23,32,36,32,,,,123
19880204DALSAC,19880204,DAL,SAC,DAL,31,14,29,27,,,,101
19880204DALSAC,19880204,DAL,SAC,SAC,34,20,32,32,,,,118
19880204DENSAS,19880204,DEN,SAS,DEN,30,26,31,42,,,,129
19880204DENSAS,19880204,DEN,SAS,SAS,43,25,27,28,,,,123
19880204ATLSEA,19880204,ATL,SEA,ATL,28,34,30,27,,,,119
19880204ATLSEA,19880204,ATL,SEA,SEA,26,30,33,20,,,,109
19880209PHIATL,19880209,PHI,ATL,PHI,27,30,29,24,,,,110
19880209PHIATL,19880209,PHI,ATL,ATL,32,27,30,23,,,,112
19880209DETCHI,19880209,DET,CHI,DET,18,23,24,24,,,,89
19880209DETCHI,19880209,DET,CHI,CHI,27,8,21,18,,,,74
19880209UTADAL,19880209,UTA,DAL,UTA,24,23,20,26,,,,93
19880209UTADAL,19880209,UTA,DAL,DAL,33,25,36,30,,,,124
19880209SASDEN,19880209,SAS,DEN,SAS,31,31,28,18,,,,108
19880209SASDEN,19880209,SAS,DEN,DEN,31,42,28,35,,,,136
19880209SACGSW,19880209,SAC,GSW,SAC,21,30,28,20,,,,99
19880209SACGSW,19880209,SAC,GSW,GSW,26,34,31,26,,,,117
19880209BOSHOU,19880209,BOS,HOU,BOS,29,31,28,32,,,,120
19880209BOSHOU,19880209,BOS,HOU,HOU,30,37,29,33,,,,129
19880209INDLAL,19880209,IND,LAL,IND,34,32,24,20,,,,110
19880209INDLAL,19880209,IND,LAL,LAL,38,25,22,23,,,,108
19880209CLEMIL,19880209,CLE,MIL,CLE,20,32,27,25,,,,104
19880209CLEMIL,19880209,CLE,MIL,MIL,31,24,32,25,,,,112
19880209LACPHO,19880209,LAC,PHO,LAC,28,30,27,15,,,,100
19880209LACPHO,19880209,LAC,PHO,PHO,22,29,28,27,,,,106
19880209SEAPOR,19880209,SEA,POR,SEA,25,29,31,38,,,,123
19880209SEAPOR,19880209,SEA,POR,POR,35,32,37,35,,,,139
19880209NJNWSB,19880209,NJN,WSB,NJN,22,28,24,31,12,,,117
19880209NJNWSB,19880209,NJN,WSB,WSB,29,29,22,25,21,,,126
19880210WSBCLE,19880210,WSB,CLE,WSB,24,30,29,19,,,,102
19880210WSBCLE,19880210,WSB,CLE,CLE,32,29,24,33,,,,118
19880210NYKDET,19880210,NYK,DET,NYK,27,21,25,14,,,,87
19880210NYKDET,19880210,NYK,DET,DET,32,23,25,18,,,,98
19880210PHOLAC,19880210,PHO,LAC,PHO,19,28,13,35,,,,95
19880210PHOLAC,19880210,PHO,LAC,LAC,22,30,28,21,,,,101
19880210CHINJN,19880210,CHI,NJN,CHI,21,26,14,23,,,,84
19880210CHINJN,19880210,CHI,NJN,NJN,28,23,23,19,,,,93
19880210BOSSAS,19880210,BOS,SAS,BOS,31,37,35,33,,,,136
19880210BOSSAS,19880210,BOS,SAS,SAS,38,34,20,28,,,,120
19880210DALUTA,19880210,DAL,UTA,DAL,14,20,23,23,,,,80
19880210DALUTA,19880210,DAL,UTA,UTA,26,20,16,31,,,,93
19880211LALDEN,19880211,LAL,DEN,LAL,29,35,31,25,,,,120
19880211LALDEN,19880211,LAL,DEN,DEN,26,30,25,27,,,,108
19880211INDGSW,19880211,IND,GSW,IND,20,30,22,36,,,,108
19880211INDGSW,19880211,IND,GSW,GSW,31,27,28,21,,,,107
19880211MILPHI,19880211,MIL,PHI,MIL,21,28,24,33,7,,,113
19880211MILPHI,19880211,MIL,PHI,PHI,25,22,26,33,13,,,119
19880211PORSAC,19880211,POR,SAC,POR,33,29,26,25,,,,113
19880211PORSAC,19880211,POR,SAC,SAC,24,44,25,30,,,,123
19880211HOUSEA,19880211,HOU,SEA,HOU,31,27,34,23,,,,115
19880211HOUSEA,19880211,HOU,SEA,SEA,26,38,22,34,,,,120
19880212NJNCLE,19880212,NJN,CLE,NJN,29,27,17,23,,,,96
19880212NJNCLE,19880212,NJN,CLE,CLE,29,32,13,24,,,,98
19880212BOSDAL,19880212,BOS,DAL,BOS,33,21,24,27,,,,105
19880212BOSDAL,19880212,BOS,DAL,DAL,26,32,27,19,,,,104
19880212ATLDET,19880212,ATL,DET,ATL,21,22,21,28,,,,92
19880212ATLDET,19880212,ATL,DET,DET,30,22,31,25,,,,108
19880212HOULAC,19880212,HOU,LAC,HOU,25,20,42,25,,,,112
19880212HOULAC,19880212,HOU,LAC,LAC,22,25,18,40,,,,105
19880212CHIMIL,19880212,CHI,MIL,CHI,19,32,19,25,,,,95
19880212CHIMIL,19880212,CHI,MIL,MIL,30,23,16,24,,,,93
19880212INDPHO,19880212,IND,PHO,IND,33,26,20,28,,,,107
19880212INDPHO,19880212,IND,PHO,PHO,23,21,27,31,,,,102
19880212DENPOR,19880212,DEN,POR,DEN,24,24,40,17,,,,105
19880212DENPOR,19880212,DEN,POR,POR,30,24,34,32,,,,120
19880212LALSAS,19880212,LAL,SAS,LAL,32,43,30,28,,,,133
19880212LALSAS,19880212,LAL,SAS,SAS,40,28,28,36,,,,132
19880213WSBATL,19880213,WSB,ATL,WSB,28,15,32,28,,,,103
19880213WSBATL,19880213,WSB,ATL,ATL,26,23,28,28,,,,105
19880213CHIDET,19880213,CHI,DET,CHI,19,19,18,17,,,,73
19880213CHIDET,19880213,CHI,DET,DET,22,21,23,16,,,,82
19880213SEAGSW,19880213,SEA,GSW,SEA,29,22,26,18,,,,95
19880213SEAGSW,19880213,SEA,GSW,GSW,29,21,27,32,,,,109
19880213CLENYK,19880213,CLE,NYK,CLE,30,22,31,20,,,,103
19880213CLENYK,19880213,CLE,NYK,NYK,22,31,36,31,,,,120
19880213PHOSAC,19880213,PHO,SAC,PHO,30,29,31,26,,,,116
19880213PHOSAC,19880213,PHO,SAC,SAC,33,25,29,27,,,,114
19880214UTADEN,19880214,UTA,DEN,UTA,22,25,23,23,,,,93
19880214UTADEN,19880214,UTA,DEN,DEN,25,30,26,26,,,,107
19880214DALLAC,19880214,DAL,LAC,DAL,32,25,24,29,,,,110
19880214DALLAC,19880214,DAL,LAC,LAC,19,28,25,28,,,,100
19880214BOSLAL,19880214,BOS,LAL,BOS,24,20,36,26,,,,106
19880214BOSLAL,19880214,BOS,LAL,LAL,31,33,12,39,,,,115
19880214PHINJN,19880214,PHI,NJN,PHI,22,33,36,14,,,,105
19880214PHINJN,19880214,PHI,NJN,NJN,25,31,19,34,,,,109
19880214HOUPOR,19880214,HOU,POR,HOU,31,28,28,28,,,,115
19880214HOUPOR,19880214,HOU,POR,POR,22,28,34,19,,,,103
19880215ATLCHI,19880215,ATL,CHI,ATL,34,21,26,26,,,,107
19880215ATLCHI,19880215,ATL,CHI,CHI,29,40,33,24,,,,126
19880215SACCLE,19880215,SAC,CLE,SAC,25,23,32,15,,,,95
19880215SACCLE,19880215,SAC,CLE,CLE,23,27,27,27,,,,104
19880215PHIDET,19880215,PHI,DET,PHI,26,30,21,18,,,,95
19880215PHIDET,19880215,PHI,DET,DET,19,31,30,22,,,,102
19880215NJNNYK,19880215,NJN,NYK,NJN,30,28,19,19,,,,96
19880215NJNNYK,19880215,NJN,NYK,NYK,25,21,24,27,,,,97
19880215BOSPHO,19880215,BOS,PHO,BOS,32,29,16,30,,,,107
19880215BOSPHO,19880215,BOS,PHO,PHO,22,22,31,31,,,,106
19880215GSWSAS,19880215,GSW,SAS,GSW,27,30,33,36,,,,126
19880215GSWSAS,19880215,GSW,SAS,SAS,38,41,23,20,,,,122
19880215DALSEA,19880215,DAL,SEA,DAL,32,22,28,28,18,,,128
19880215DALSEA,19880215,DAL,SEA,SEA,25,20,31,34,12,,,122
19880215PORUTA,19880215,POR,UTA,POR,29,15,34,16,,,,94
19880215PORUTA,19880215,POR,UTA,UTA,28,32,27,25,,,,112
19880215MILWSB,19880215,MIL,WSB,MIL,30,33,27,24,,,,114
19880215MILWSB,19880215,MIL,WSB,WSB,21,26,29,34,,,,110
19880216SACATL,19880216,SAC,ATL,SAC,29,31,28,30,,,,118
19880216SACATL,19880216,SAC,ATL,ATL,21,31,43,20,,,,115
19880216GSWHOU,19880216,GSW,HOU,GSW,31,32,25,28,,,,116
19880216GSWHOU,19880216,GSW,HOU,HOU,32,35,25,29,,,,121
19880216NYKIND,19880216,NYK,IND,NYK,19,34,19,32,,,,104
19880216NYKIND,19880216,NYK,IND,IND,32,20,32,33,,,,117
19880216LACLAL,19880216,LAC,LAL,LAC,29,26,19,26,,,,100
19880216LACLAL,19880216,LAC,LAL,LAL,27,25,30,37,,,,119
19880217WSBDAL,19880217,WSB,DAL,WSB,23,27,21,37,,,,108
19880217WSBDAL,19880217,WSB,DAL,DAL,39,24,31,29,,,,123
19880217BOSDEN,19880217,BOS,DEN,BOS,27,24,39,35,,,,125
19880217BOSDEN,19880217,BOS,DEN,DEN,26,37,48,27,,,,138
19880217PORLAC,19880217,POR,LAC,POR,29,32,22,27,,,,110
19880217PORLAC,19880217,POR,LAC,LAC,28,26,22,20,,,,96
19880217SEAMIL,19880217,SEA,MIL,SEA,23,26,26,18,,,,93
19880217SEAMIL,19880217,SEA,MIL,MIL,33,27,25,30,,,,115
19880217CLEPHI,19880217,CLE,PHI,CLE,30,29,26,30,,,,115
19880217CLEPHI,19880217,CLE,PHI,PHI,33,21,31,22,,,,107
19880217PHOUTA,19880217,PHO,UTA,PHO,25,21,27,30,,,,103
19880217PHOUTA,19880217,PHO,UTA,UTA,29,27,20,32,,,,108
19880218SEADET,19880218,SEA,DET,SEA,22,21,22,30,,,,95
19880218SEADET,19880218,SEA,DET,DET,26,28,22,32,,,,108
19880218LALHOU,19880218,LAL,HOU,LAL,41,21,26,23,,,,111
19880218LALHOU,19880218,LAL,HOU,HOU,21,30,21,24,,,,96
19880218CLEIND,19880218,CLE,IND,CLE,18,20,22,23,,,,83
19880218CLEIND,19880218,CLE,IND,IND,18,17,28,25,,,,88
19880218SACNYK,19880218,SAC,NYK,SAC,33,24,23,24,,,,104
19880218SACNYK,19880218,SAC,NYK,NYK,34,30,19,25,,,,108
19880218SASPHO,19880218,SAS,PHO,SAS,24,32,35,31,,,,122
19880218SASPHO,19880218,SAS,PHO,PHO,25,33,36,20,,,,114
19880219LALATL,19880219,LAL,ATL,LAL,34,24,24,29,15,,,126
19880219LALATL,19880219,LAL,ATL,ATL,28,38,26,19,8,,,119
19880219SACCHI,19880219,SAC,CHI,SAC,18,26,24,22,,,,90
19880219SACCHI,19880219,SAC,CHI,CHI,23,26,30,32,,,,111
19880219GSWDAL,19880219,GSW,DAL,GSW,26,21,31,22,,,,100
19880219GSWDAL,19880219,GSW,DAL,DAL,31,31,26,25,,,,113
19880219UTALAC,19880219,UTA,LAC,UTA,27,25,20,26,,,,98
19880219UTALAC,19880219,UTA,LAC,LAC,16,29,22,21,,,,88
19880219DETMIL,19880219,DET,MIL,DET,27,23,29,29,,,,108
19880219DETMIL,19880219,DET,MIL,MIL,34,21,33,31,,,,119
19880219NJNPHI,19880219,NJN,PHI,NJN,26,20,30,24,,,,100
19880219NJNPHI,19880219,NJN,PHI,PHI,30,25,28,32,,,,115
19880219BOSPOR,19880219,BOS,POR,BOS,32,26,29,37,,,,124
19880219BOSPOR,19880219,BOS,POR,POR,34,23,26,21,,,,104
19880219WSBSAS,19880219,WSB,SAS,WSB,34,22,22,28,,,,106
19880219WSBSAS,19880219,WSB,SAS,SAS,27,30,20,25,,,,102
19880220WSBHOU,19880220,WSB,HOU,WSB,25,14,24,46,,,,109
19880220WSBHOU,19880220,WSB,HOU,HOU,18,26,37,34,,,,115
19880220SEANJN,19880220,SEA,NJN,SEA,30,36,21,26,,,,113
19880220SEANJN,19880220,SEA,NJN,NJN,23,29,27,22,,,,101
19880220DENPHO,19880220,DEN,PHO,DEN,29,22,40,17,,,,108
19880220DENPHO,19880220,DEN,PHO,PHO,33,25,39,31,,,,128
19880220LACUTA,19880220,LAC,UTA,LAC,30,29,23,21,,,,103
19880220LACUTA,19880220,LAC,UTA,UTA,24,39,29,28,,,,120
19880221SEAATL,19880221,SEA,ATL,SEA,31,30,19,33,,,,113
19880221SEAATL,19880221,SEA,ATL,ATL,30,35,27,37,,,,129
19880221CHICLE,19880221,CHI,CLE,CHI,27,25,23,36,,,,111
19880221CHICLE,19880221,CHI,CLE,CLE,20,33,30,30,,,,113
19880221SACIND,19880221,SAC,IND,SAC,23,27,30,32,,,,112
19880221SACIND,19880221,SAC,IND,IND,39,28,29,34,,,,130
19880221DETLAL,19880221,DET,LAL,DET,31,36,21,22,,,,110
19880221DETLAL,19880221,DET,LAL,LAL,23,32,38,24,,,,117
19880221PHIMIL,19880221,PHI,MIL,PHI,20,29,30,32,4,,,115
19880221PHIMIL,19880221,PHI,MIL,MIL,22,30,31,28,9,,,120
19880221SASPOR,19880221,SAS,POR,SAS,25,27,37,23,,,,112
19880221SASPOR,19880221,SAS,POR,POR,28,32,25,32,,,,117
19880222NYKBOS,19880222,NYK,BOS,NYK,28,26,14,25,,,,93
19880222NYKBOS,19880222,NYK,BOS,BOS,23,28,25,19,,,,95
19880222PHODAL,19880222,PHO,DAL,PHO,20,26,25,36,,,,107
19880222PHODAL,19880222,PHO,DAL,DAL,22,25,35,32,,,,114
19880222WSBDEN,19880222,WSB,DEN,WSB,25,25,22,15,,,,87
19880222WSBDEN,19880222,WSB,DEN,DEN,23,22,29,26,,,,100
19880222SASGSW,19880222,SAS,GSW,SAS,31,19,30,31,,,,111
19880222SASGSW,19880222,SAS,GSW,GSW,30,31,27,35,,,,123
19880222PHIHOU,19880222,PHI,HOU,PHI,27,23,28,28,,,,106
19880222PHIHOU,19880222,PHI,HOU,HOU,32,23,33,31,,,,119
19880223INDATL,19880223,IND,ATL,IND,33,24,26,28,,,,111
19880223INDATL,19880223,IND,ATL,ATL,29,38,32,32,,,,131
19880223SEACHI,19880223,SEA,CHI,SEA,27,15,27,26,2,,,97
19880223SEACHI,19880223,SEA,CHI,CHI,24,24,26,21,9,,,104
19880223WSBLAL,19880223,WSB,LAL,WSB,23,22,20,35,,,,100
19880223WSBLAL,19880223,WSB,LAL,LAL,18,29,29,35,,,,111
19880223PORNJN,19880223,POR,NJN,POR,36,25,22,31,,,,114
19880223PORNJN,19880223,POR,NJN,NJN,27,21,27,27,,,,102
19880223MILNYK,19880223,MIL,NYK,MIL,27,21,20,19,,,,87
19880223MILNYK,19880223,MIL,NYK,NYK,25,21,26,17,,,,89
19880223DETSAC,19880223,DET,SAC,DET,38,20,37,26,,,,121
19880223DETSAC,19880223,DET,SAC,SAC,29,23,22,31,,,,105
19880224PORBOS,19880224,POR,BOS,POR,31,34,29,18,,,,112
19880224PORBOS,19880224,POR,BOS,BOS,35,30,19,29,,,,113
19880224CLEDAL,19880224,CLE,DAL,CLE,28,21,21,19,,,,89
19880224CLEDAL,19880224,CLE,DAL,DAL,18,28,22,25,,,,93
19880224DETGSW,19880224,DET,GSW,DET,29,26,24,28,,,,107
19880224DETGSW,19880224,DET,GSW,GSW,17,28,20,28,,,,93
19880224MILIND,19880224,MIL,IND,MIL,22,22,27,26,,,,97
19880224MILIND,19880224,MIL,IND,IND,26,23,18,27,,,,94
19880224PHISAS,19880224,PHI,SAS,PHI,29,31,33,22,6,,,121
19880224PHISAS,19880224,PHI,SAS,SAS,27,34,24,30,8,,,123
19880224DENUTA,19880224,DEN,UTA,DEN,32,31,29,31,,,,123
19880224DENUTA,19880224,DEN,UTA,UTA,32,28,28,32,,,,120
19880225DALHOU,19880225,DAL,HOU,DAL,29,22,31,26,,,,108
19880225DALHOU,19880225,DAL,HOU,HOU,27,22,29,28,,,,106
19880225NYKLAC,19880225,NYK,LAC,NYK,26,29,22,29,,,,106
19880225NYKLAC,19880225,NYK,LAC,LAC,26,24,23,23,,,,96
19880225CLEPHO,19880225,CLE,PHO,CLE,27,17,32,27,,,,103
19880225CLEPHO,19880225,CLE,PHO,PHO,35,22,24,28,,,,109
19880225WSBSAC,19880225,WSB,SAC,WSB,34,32,36,27,,,,129
19880225WSBSAC,19880225,WSB,SAC,SAC,23,30,33,24,,,,110
19880226MILBOS,19880226,MIL,BOS,MIL,29,19,18,30,,,,96
19880226MILBOS,19880226,MIL,BOS,BOS,38,29,33,32,,,,132
19880226PORCHI,19880226,POR,CHI,POR,34,24,21,25,,,,104
19880226PORCHI,19880226,POR,CHI,CHI,21,26,29,20,,,,96
19880226PHIDEN,19880226,PHI,DEN,PHI,28,29,22,25,,,,104
19880226PHIDEN,19880226,PHI,DEN,DEN,41,23,30,26,,,,120
19880226NJNDET,19880226,NJN,DET,NJN,24,27,27,31,,,,109
19880226NJNDET,19880226,NJN,DET,DET,39,29,38,31,,,,137
19880226NYKGSW,19880226,NYK,GSW,NYK,25,42,28,30,,,,125
19880226NYKGSW,19880226,NYK,GSW,GSW,31,30,29,29,,,,119
19880226ATLIND,19880226,ATL,IND,ATL,31,27,28,30,,,,116
19880226ATLIND,19880226,ATL,IND,IND,28,31,21,21,,,,101
19880226UTALAL,19880226,UTA,LAL,UTA,37,25,28,15,,,,105
19880226UTALAL,19880226,UTA,LAL,LAL,22,33,34,23,,,,112
19880226HOUSAS,19880226,HOU,SAS,HOU,26,34,16,31,,,,107
19880226HOUSAS,19880226,HOU,SAS,SAS,32,20,32,27,,,,111
19880226SACSEA,19880226,SAC,SEA,SAC,29,32,32,37,,,,130
19880226SACSEA,19880226,SAC,SEA,SEA,35,33,36,29,,,,133
19880227PORATL,19880227,POR,ATL,POR,28,32,26,37,,,,123
19880227PORATL,19880227,POR,ATL,ATL,37,31,33,19,,,,120
19880227MILCHI,19880227,MIL,CHI,MIL,32,20,27,15,,,,94
19880227MILCHI,19880227,MIL,CHI,CHI,21,28,22,20,,,,91
19880227PHIDAL,19880227,PHI,DAL,PHI,23,21,19,28,,,,91
19880227PHIDAL,19880227,PHI,DAL,DAL,23,29,22,26,,,,100
19880227CLELAC,19880227,CLE,LAC,CLE,31,23,22,20,,,,96
19880227CLELAC,19880227,CLE,LAC,LAC,20,24,25,28,,,,97
19880227INDNJN,19880227,IND,NJN,IND,30,31,23,22,,,,106
19880227INDNJN,19880227,IND,NJN,NJN,29,21,24,24,,,,98
19880227WSBPHO,19880227,WSB,PHO,WSB,17,31,37,31,,,,116
19880227WSBPHO,19880227,WSB,PHO,PHO,26,26,29,25,,,,106
19880227GSWSEA,19880227,GSW,SEA,GSW,30,27,28,26,,,,111
19880227GSWSEA,19880227,GSW,SEA,SEA,34,35,23,22,,,,114
19880228NYKDEN,19880228,NYK,DEN,NYK,25,18,25,32,,,,100
19880228NYKDEN,19880228,NYK,DEN,DEN,32,25,27,25,,,,109
19880228BOSDET,19880228,BOS,DET,BOS,33,25,21,22,,,,101
19880228BOSDET,19880228,BOS,DET,DET,28,25,29,24,,,,106
19880228SASHOU,19880228,SAS,HOU,SAS,20,25,21,29,,,,95
19880228SASHOU,19880228,SAS,HOU,HOU,29,28,27,24,,,,108
19880228PHOLAL,19880228,PHO,LAL,PHO,23,24,32,18,,,,97
19880228PHOLAL,19880228,PHO,LAL,LAL,29,33,32,17,,,,111
19880229DENDAL,19880229,DEN,DAL,DEN,36,20,25,15,,,,96
19880229DENDAL,19880229,DEN,DAL,DAL,26,33,26,38,,,,123
19880229WSBGSW,19880229,WSB,GSW,WSB,28,22,31,29,,,,110
19880229WSBGSW,19880229,WSB,GSW,GSW,22,31,19,33,,,,105
19880229CHIPHI,19880229,CHI,PHI,CHI,23,31,26,21,,,,101
19880229CHIPHI,19880229,CHI,PHI,PHI,32,24,20,26,,,,102
19880229CLEPOR,19880229,CLE,POR,CLE,25,22,29,18,,,,94
19880229CLEPOR,19880229,CLE,POR,POR,24,21,33,29,,,,107
19880229UTASAC,19880229,UTA,SAC,UTA,29,31,28,27,,,,115
19880229UTASAC,19880229,UTA,SAC,SAC,24,29,28,29,,,,110
19880301DETATL,19880301,DET,ATL,DET,32,29,32,24,,,,117
19880301DETATL,19880301,DET,ATL,ATL,24,28,28,24,,,,104
19880301BOSMIL,19880301,BOS,MIL,BOS,27,26,30,33,,,,116
19880301BOSMIL,19880301,BOS,MIL,MIL,35,32,28,22,,,,117
19880301LACNJN,19880301,LAC,NJN,LAC,11,24,26,14,,,,75
19880301LACNJN,19880301,LAC,NJN,NJN,22,24,28,30,,,,104
19880301INDNYK,19880301,IND,NYK,IND,31,28,25,12,,,,96
19880301INDNYK,19880301,IND,NYK,NYK,27,18,27,26,,,,98
19880301PHOSAS,19880301,PHO,SAS,PHO,21,30,36,22,,,,109
19880301PHOSAS,19880301,PHO,SAS,SAS,28,34,23,29,,,,114
19880301LALSEA,19880301,LAL,SEA,LAL,31,21,24,24,,,,100
19880301LALSEA,19880301,LAL,SEA,SEA,27,23,33,31,,,,114
19880301HOUUTA,19880301,HOU,UTA,HOU,20,30,33,29,,,,112
19880301HOUUTA,19880301,HOU,UTA,UTA,33,22,30,28,,,,113
19880302NJNBOS,19880302,NJN,BOS,NJN,30,22,33,32,,,,117
19880302NJNBOS,19880302,NJN,BOS,BOS,17,28,25,37,,,,107
19880302SACDAL,19880302,SAC,DAL,SAC,24,22,22,22,,,,90
19880302SACDAL,19880302,SAC,DAL,DAL,29,31,30,25,,,,115
19880302CLEDEN,19880302,CLE,DEN,CLE,25,18,18,20,,,,81
19880302CLEDEN,19880302,CLE,DEN,DEN,31,28,12,28,,,,99
19880302LACDET,19880302,LAC,DET,LAC,18,23,19,30,,,,90
19880302LACDET,19880302,LAC,DET,DET,28,15,38,22,,,,103
19880302HOUGSW,19880302,HOU,GSW,HOU,36,22,30,20,,,,108
19880302HOUGSW,19880302,HOU,GSW,GSW,22,22,20,37,,,,101
19880302INDWSB,19880302,IND,WSB,IND,27,24,25,26,,,,102
19880302INDWSB,19880302,IND,WSB,WSB,31,27,28,25,,,,111
19880303PHICHI,19880303,PHI,CHI,PHI,28,18,19,28,,,,93
19880303PHICHI,19880303,PHI,CHI,CHI,27,25,21,24,,,,97
19880303PORPHO,19880303,POR,PHO,POR,28,35,39,33,,,,135
19880303PORPHO,19880303,POR,PHO,PHO,22,26,35,29,,,,112
19880304LACBOS,19880304,LAC,BOS,LAC,24,23,19,24,,,,90
19880304LACBOS,19880304,LAC,BOS,BOS,26,31,25,39,,,,121
19880304HOUDAL,19880304,HOU,DAL,HOU,27,28,29,26,,,,110
19880304HOUDAL,19880304,HOU,DAL,DAL,29,34,33,22,,,,118
19880304PHODEN,19880304,PHO,DEN,PHO,28,28,22,30,,,,108
19880304PHODEN,19880304,PHO,DEN,DEN,30,33,30,23,,,,116
19880304WSBIND,19880304,WSB,IND,WSB,25,18,25,27,,,,95
19880304WSBIND,19880304,WSB,IND,IND,26,25,19,18,,,,88
19880304GSWLAL,19880304,GSW,LAL,GSW,26,26,23,32,,,,107
19880304GSWLAL,19880304,GSW,LAL,LAL,31,34,32,23,,,,120
19880304PHINYK,19880304,PHI,NYK,PHI,28,29,19,22,10,,,108
19880304PHINYK,19880304,PHI,NYK,NYK,29,21,37,11,12,,,110
19880304SACSAS,19880304,SAC,SAS,SAC,40,39,33,22,,,,134
19880304SACSAS,19880304,SAC,SAS,SAS,33,42,33,24,,,,132
19880304UTASEA,19880304,UTA,SEA,UTA,32,37,29,27,,,,125
19880304UTASEA,19880304,UTA,SEA,SEA,35,29,27,19,,,,110
19880305MILATL,19880305,MIL,ATL,MIL,35,21,26,22,,,,104
19880305MILATL,19880305,MIL,ATL,ATL,22,27,26,26,,,,101
19880305LACCHI,19880305,LAC,CHI,LAC,22,15,18,21,,,,76
19880305LACCHI,19880305,LAC,CHI,CHI,30,22,28,20,,,,100
19880305SACHOU,19880305,SAC,HOU,SAC,22,18,24,30,,,,94
19880305SACHOU,19880305,SAC,HOU,HOU,30,24,21,30,,,,105
19880305NYKNJN,19880305,NYK,NJN,NYK,22,20,15,28,,,,85
19880305NYKNJN,19880305,NYK,NJN,NJN,28,16,26,24,,,,94
19880305GSWPOR,19880305,GSW,POR,GSW,37,27,21,32,,,,117
19880305GSWPOR,19880305,GSW,POR,POR,36,34,27,26,,,,123
19880305DENSEA,19880305,DEN,SEA,DEN,33,28,26,28,,,,115
19880305DENSEA,19880305,DEN,SEA,SEA,24,23,31,24,,,,102
19880305SASUTA,19880305,SAS,UTA,SAS,19,31,24,32,,,,106
19880305SASUTA,19880305,SAS,UTA,UTA,39,29,36,21,,,,125
19880305DETWSB,19880305,DET,WSB,DET,18,23,23,33,,,,97
19880305DETWSB,19880305,DET,WSB,WSB,23,29,20,29,,,,101
19880306CLEBOS,19880306,CLE,BOS,CLE,21,25,22,30,,,,98
19880306CLEBOS,19880306,CLE,BOS,BOS,34,22,37,34,,,,127
19880306LALDAL,19880306,LAL,DAL,LAL,27,33,24,24,,,,108
19880306LALDAL,19880306,LAL,DAL,DAL,23,19,31,24,,,,97
19880306MILDET,19880306,MIL,DET,MIL,26,22,28,23,,,,99
19880306MILDET,19880306,MIL,DET,DET,22,28,30,29,,,,109
19880306PHIIND,19880306,PHI,IND,PHI,25,30,24,26,,,,105
19880306PHIIND,19880306,PHI,IND,IND,33,23,27,17,,,,100
19880307CHINYK,19880307,CHI,NYK,CHI,28,19,26,25,,,,98
19880307CHINYK,19880307,CHI,NYK,NYK,21,33,29,27,,,,110
19880307LALPHI,19880307,LAL,PHI,LAL,32,28,32,18,,,,110
19880307LALPHI,19880307,LAL,PHI,PHI,26,28,27,23,,,,104
19880307DENSAC,19880307,DEN,SAC,DEN,26,26,32,19,11,,,114
19880307DENSAC,19880307,DEN,SAC,SAC,17,27,30,29,13,,,116
19880307NJNUTA,19880307,NJN,UTA,NJN,20,29,13,19,,,,81
19880307NJNUTA,19880307,NJN,UTA,UTA,31,22,29,23,,,,105
19880308PHOATL,19880308,PHO,ATL,PHO,33,31,31,18,,,,113
19880308PHOATL,19880308,PHO,ATL,ATL,43,32,32,36,,,,143
19880308PORDAL,19880308,POR,DAL,POR,28,31,33,20,,,,112
19880308PORDAL,19880308,POR,DAL,DAL,22,25,33,30,,,,110
19880308HOUDEN,19880308,HOU,DEN,HOU,26,31,26,30,,,,113
19880308HOUDEN,19880308,HOU,DEN,DEN,34,20,24,25,,,,103
19880308SEAGSW,19880308,SEA,GSW,SEA,31,33,24,20,13,,,121
19880308SEAGSW,19880308,SEA,GSW,GSW,30,26,30,22,8,,,116
19880308DETIND,19880308,DET,IND,DET,29,21,28,26,,,,104
19880308DETIND,19880308,DET,IND,IND,28,25,32,32,,,,117
19880308SASMIL,19880308,SAS,MIL,SAS,22,29,26,24,,,,101
19880308SASMIL,19880308,SAS,MIL,MIL,15,33,39,32,,,,119
19880309SASBOS,19880309,SAS,BOS,SAS,31,29,26,32,,,,118
19880309SASBOS,19880309,SAS,BOS,BOS,24,29,35,31,,,,119
19880309MILCLE,19880309,MIL,CLE,MIL,29,15,23,24,,,,91
19880309MILCLE,19880309,MIL,CLE,CLE,30,26,34,27,,,,117
19880309UTADET,19880309,UTA,DET,UTA,23,21,27,27,,,,98
19880309UTADET,19880309,UTA,DET,DET,33,27,23,20,,,,103
19880309NJNLAC,19880309,NJN,LAC,NJN,26,17,27,27,,,,97
19880309NJNLAC,19880309,NJN,LAC,LAC,29,32,15,17,,,,93
19880309LALNYK,19880309,LAL,NYK,LAL,24,20,34,26,,,,104
19880309LALNYK,19880309,LAL,NYK,NYK,25,26,29,19,,,,99
19880309SEASAC,19880309,SEA,SAC,SEA,33,27,20,26,,,,106
19880309SEASAC,19880309,SEA,SAC,SAC,25,27,27,18,,,,97
19880309PHOWSB,19880309,PHO,WSB,PHO,29,25,23,34,,,,111
19880309PHOWSB,19880309,PHO,WSB,WSB,33,23,35,24,,,,115
19880310LALCHI,19880310,LAL,CHI,LAL,27,35,27,18,,,,107
19880310LALCHI,19880310,LAL,CHI,CHI,32,33,36,27,,,,128
19880310NJNGSW,19880310,NJN,GSW,NJN,29,26,23,34,,,,112
19880310NJNGSW,19880310,NJN,GSW,GSW,32,31,25,40,,,,128
19880310PORHOU,19880310,POR,HOU,POR,29,32,22,29,,,,112
19880310PORHOU,19880310,POR,HOU,HOU,24,26,26,33,,,,109
19880311NYKATL,19880311,NYK,ATL,NYK,32,31,24,28,,,,115
19880311NYKATL,19880311,NYK,ATL,ATL,32,31,33,26,,,,122
19880311INDBOS,19880311,IND,BOS,IND,32,31,27,22,,,,112
19880311INDBOS,19880311,IND,BOS,BOS,33,35,25,29,,,,122
19880311SASCLE,19880311,SAS,CLE,SAS,32,24,28,23,,,,107
19880311SASCLE,19880311,SAS,CLE,CLE,25,29,28,35,,,,117
19880311PHODET,19880311,PHO,DET,PHO,18,22,18,30,,,,88
19880311PHODET,19880311,PHO,DET,DET,35,25,34,22,,,,116
19880311GSWLAC,19880311,GSW,LAC,GSW,31,18,25,27,,,,101
19880311GSWLAC,19880311,GSW,LAC,LAC,23,21,24,28,,,,96
19880311DENMIL,19880311,DEN,MIL,DEN,18,32,19,24,,,,93
19880311DENMIL,19880311,DEN,MIL,MIL,36,40,28,28,,,,132
19880311SACPHI,19880311,SAC,PHI,SAC,28,29,26,35,,,,118
19880311SACPHI,19880311,SAC,PHI,PHI,34,28,33,29,,,,124
19880311UTAWSB,19880311,UTA,WSB,UTA,30,24,30,25,,,,109
19880311UTAWSB,19880311,UTA,WSB,WSB,28,25,29,25,,,,107
19880312SASCHI,19880312,SAS,CHI,SAS,30,19,26,17,,,,92
19880312SASCHI,19880312,SAS,CHI,CHI,31,26,32,23,,,,112
19880312CLEDET,19880312,CLE,DET,CLE,18,28,26,28,,,,100
19880312CLEDET,19880312,CLE,DET,DET,27,25,32,20,,,,104
19880312DALLAL,19880312,DAL,LAL,DAL,24,36,30,20,,,,110
19880312DALLAL,19880312,DAL,LAL,LAL,31,16,28,26,,,,101
19880312UTANYK,19880312,UTA,NYK,UTA,22,22,34,27,,,,105
19880312UTANYK,19880312,UTA,NYK,NYK,30,32,24,22,,,,108
19880313ATLBOS,19880313,ATL,BOS,ATL,23,23,24,30,,,,100
19880313ATLBOS,19880313,ATL,BOS,BOS,37,32,24,24,,,,117
19880313GSWHOU,19880313,GSW,HOU,GSW,21,33,25,33,,,,112
19880313GSWHOU,19880313,GSW,HOU,HOU,37,30,34,24,,,,125
19880313DENIND,19880313,DEN,IND,DEN,28,28,29,23,,,,108
19880313DENIND,19880313,DEN,IND,IND,27,26,19,28,,,,100
19880313PHOMIL,19880313,PHO,MIL,PHO,28,24,24,31,,,,107
19880313PHOMIL,19880313,PHO,MIL,MIL,28,32,29,28,,,,117
19880313WSBPHI,19880313,WSB,PHI,WSB,25,18,23,30,,,,96
19880313WSBPHI,19880313,WSB,PHI,PHI,23,22,25,34,,,,104
19880313LACPOR,19880313,LAC,POR,LAC,15,21,25,39,,,,100
19880313LACPOR,19880313,LAC,POR,POR,27,25,40,29,,,,121
19880313NJNSEA,19880313,NJN,SEA,NJN,26,13,29,34,,,,102
19880313NJNSEA,19880313,NJN,SEA,SEA,27,19,37,32,,,,115
19880314GSWDAL,19880314,GSW,DAL,GSW,21,23,25,32,,,,101
19880314GSWDAL,19880314,GSW,DAL,DAL,32,35,28,26,,,,121
19880314UTADEN,19880314,UTA,DEN,UTA,33,37,23,23,,,,116
19880314UTADEN,19880314,UTA,DEN,DEN,30,23,34,28,,,,115
19880314SACDET,19880314,SAC,DET,SAC,22,22,24,29,,,,97
19880314SACDET,19880314,SAC,DET,DET,24,36,26,23,,,,109
19880314NJNLAL,19880314,NJN,LAL,NJN,31,28,16,30,,,,105
19880314NJNLAL,19880314,NJN,LAL,LAL,28,30,26,31,,,,115
19880314CLENYK,19880314,CLE,NYK,CLE,26,30,27,19,,,,102
19880314CLENYK,19880314,CLE,NYK,NYK,18,23,34,29,,,,104
19880314SASWSB,19880314,SAS,WSB,SAS,25,25,23,33,,,,106
19880314SASWSB,19880314,SAS,WSB,WSB,27,28,29,28,,,,112
19880315PHIATL,19880315,PHI,ATL,PHI,33,23,19,15,,,,90
19880315PHIATL,19880315,PHI,ATL,ATL,23,30,27,24,,,,104
19880315CLECHI,19880315,CLE,CHI,CLE,22,17,25,25,,,,89
19880315CLECHI,19880315,CLE,CHI,CHI,21,31,22,34,,,,108
19880315LACHOU,19880315,LAC,HOU,LAC,27,22,24,37,,,,110
19880315LACHOU,19880315,LAC,HOU,HOU,28,28,29,31,,,,116
19880315BOSIND,19880315,BOS,IND,BOS,31,33,29,26,,,,119
19880315BOSIND,19880315,BOS,IND,IND,34,34,24,21,,,,113
19880315SACMIL,19880315,SAC,MIL,SAC,20,25,23,29,,,,97
19880315SACMIL,19880315,SAC,MIL,MIL,25,26,30,27,,,,108
19880315SEAPHO,19880315,SEA,PHO,SEA,35,22,18,15,,,,90
19880315SEAPHO,19880315,SEA,PHO,PHO,21,29,28,33,,,,111
19880315LALPOR,19880315,LAL,POR,LAL,24,25,21,25,,,,95
19880315LALPOR,19880315,LAL,POR,POR,33,21,31,27,,,,112
19880316PHOGSW,19880316,PHO,GSW,PHO,27,40,21,30,,,,118
19880316PHOGSW,19880316,PHO,GSW,GSW,28,17,31,36,,,,112
19880316MILNJN,19880316,MIL,NJN,MIL,20,26,13,20,,,,79
19880316MILNJN,19880316,MIL,NJN,NJN,15,25,20,23,,,,83
19880316NYKPHI,19880316,NYK,PHI,NYK,28,32,31,17,,,,108
19880316NYKPHI,19880316,NYK,PHI,PHI,28,35,24,28,,,,115
19880316LACSAS,19880316,LAC,SAS,LAC,23,25,35,27,,,,110
19880316LACSAS,19880316,LAC,SAS,SAS,32,20,30,31,,,,113
19880316DALUTA,19880316,DAL,UTA,DAL,24,27,20,34,,,,105
19880316DALUTA,19880316,DAL,UTA,UTA,27,33,28,32,,,,120
19880316CHIWSB,19880316,CHI,WSB,CHI,30,22,26,25,,,,103
19880316CHIWSB,19880316,CHI,WSB,WSB,27,27,29,23,,,,106
19880317DETCLE,19880317,DET,CLE,DET,32,25,22,23,,,,102
19880317DETCLE,19880317,DET,CLE,CLE,28,20,25,26,,,,99
19880317PORDEN,19880317,POR,DEN,POR,21,28,29,27,10,,,115
19880317PORDEN,19880317,POR,DEN,DEN,26,23,28,28,11,,,116
19880317SEAHOU,19880317,SEA,HOU,SEA,30,26,23,27,,,,106
19880317SEAHOU,19880317,SEA,HOU,HOU,29,24,28,34,,,,115
19880317WSBIND,19880317,WSB,IND,WSB,34,17,18,26,,,,95
19880317WSBIND,19880317,WSB,IND,IND,21,21,27,30,,,,99
19880318BOSCHI,19880318,BOS,CHI,BOS,22,24,26,31,,,,103
19880318BOSCHI,19880318,BOS,CHI,CHI,32,29,23,29,,,,113
19880318PORGSW,19880318,POR,GSW,POR,33,30,30,28,,,,121
19880318PORGSW,19880318,POR,GSW,GSW,23,31,33,29,,,,116
19880318DALLAC,19880318,DAL,LAC,DAL,20,34,24,28,,,,106
19880318DALLAC,19880318,DAL,LAC,LAC,19,22,23,34,,,,98
19880318ATLNJN,19880318,ATL,NJN,ATL,22,33,29,22,,,,106
19880318ATLNJN,19880318,ATL,NJN,NJN,30,23,26,25,,,,104
19880318INDPHI,19880318,IND,PHI,IND,25,22,25,37,,,,109
19880318INDPHI,19880318,IND,PHI,PHI,31,33,33,32,,,,129
19880318SEASAS,19880318,SEA,SAS,SEA,28,25,27,26,12,,,118
19880318SEASAS,19880318,SEA,SAS,SAS,31,24,27,24,4,,,110
19880318DENUTA,19880318,DEN,UTA,DEN,32,30,29,20,,,,111
19880318DENUTA,19880318,DEN,UTA,UTA,29,37,26,26,,,,118
19880319CLEMIL,19880319,CLE,MIL,CLE,24,21,33,22,,,,100
19880319CLEMIL,19880319,CLE,MIL,MIL,24,29,26,22,,,,101
19880319ATLNYK,19880319,ATL,NYK,ATL,30,21,35,24,,,,110
19880319ATLNYK,19880319,ATL,NYK,NYK,31,36,26,23,,,,116
19880319LALPHO,19880319,LAL,PHO,LAL,23,22,24,26,,,,95
19880319LALPHO,19880319,LAL,PHO,PHO,21,24,30,27,,,,102
19880319HOUSAC,19880319,HOU,SAC,HOU,26,27,24,27,,,,104
19880319HOUSAC,19880319,HOU,SAC,SAC,30,32,31,28,,,,121
19880319UTASAS,19880319,UTA,SAS,UTA,29,37,25,19,,,,110
19880319UTASAS,19880319,UTA,SAS,SAS,32,31,24,26,,,,113
19880319PHIWSB,19880319,PHI,WSB,PHI,23,24,21,26,,,,94
19880319PHIWSB,19880319,PHI,WSB,WSB,18,32,22,17,,,,89
19880320CHIBOS,19880320,CHI,BOS,CHI,29,34,22,22,,,,107
19880320CHIBOS,19880320,CHI,BOS,BOS,35,32,28,42,,,,137
19880320SEADEN,19880320,SEA,DEN,SEA,24,35,15,21,,,,95
19880320SEADEN,19880320,SEA,DEN,DEN,32,20,25,31,,,,108
19880320WSBDET,19880320,WSB,DET,WSB,27,23,32,28,,,,110
19880320WSBDET,19880320,WSB,DET,DET,31,26,30,31,,,,118
19880320LALGSW,19880320,LAL,GSW,LAL,33,34,35,28,,,,130
19880320LALGSW,19880320,LAL,GSW,GSW,32,30,29,36,,,,127
19880320SACLAC,19880320,SAC,LAC,SAC,28,28,31,25,,,,112
19880320SACLAC,19880320,SAC,LAC,LAC,30,23,37,26,,,,116
19880320INDNJN,19880320,IND,NJN,IND,22,27,23,30,,,,102
19880320INDNJN,19880320,IND,NJN,NJN,21,22,25,28,,,,96
19880320DALPOR,19880320,DAL,POR,DAL,20,19,33,27,,,,99
19880320DALPOR,19880320,DAL,POR,POR,25,28,20,32,,,,105
19880321MILATL,19880321,MIL,ATL,MIL,32,25,21,27,,,,105
19880321MILATL,19880321,MIL,ATL,ATL,31,28,32,24,,,,115
19880321LACPHO,19880321,LAC,PHO,LAC,30,23,21,25,,,,99
19880321LACPHO,19880321,LAC,PHO,PHO,25,30,21,31,,,,107
19880321NYKSAS,19880321,NYK,SAS,NYK,20,42,40,31,,,,133
19880321NYKSAS,19880321,NYK,SAS,SAS,34,33,25,29,,,,121
19880322NYKDAL,19880322,NYK,DAL,NYK,20,21,25,39,,,,105
19880322NYKDAL,19880322,NYK,DAL,DAL,30,23,33,38,,,,124
19880322SASDEN,19880322,SAS,DEN,SAS,25,21,35,28,,,,109
19880322SASDEN,19880322,SAS,DEN,DEN,35,38,31,32,,,,136
19880322INDDET,19880322,IND,DET,IND,23,29,31,21,,,,104
19880322INDDET,19880322,IND,DET,DET,31,25,35,32,,,,123
19880322HOULAL,19880322,HOU,LAL,HOU,30,19,19,27,,,,95
19880322HOULAL,19880322,HOU,LAL,LAL,29,32,31,25,,,,117
19880322ATLMIL,19880322,ATL,MIL,ATL,24,23,30,21,,,,98
19880322ATLMIL,19880322,ATL,MIL,MIL,34,25,29,23,,,,111
19880322PHINJN,19880322,PHI,NJN,PHI,21,29,18,22,,,,90
19880322PHINJN,19880322,PHI,NJN,NJN,27,25,33,17,,,,102
19880322PHOUTA,19880322,PHO,UTA,PHO,23,30,19,24,,,,96
19880322PHOUTA,19880322,PHO,UTA,UTA,23,27,26,27,,,,103
19880323WSBBOS,19880323,WSB,BOS,WSB,19,32,22,16,,,,89
19880323WSBBOS,19880323,WSB,BOS,BOS,26,22,26,30,,,,104
19880323NJNCLE,19880323,NJN,CLE,NJN,22,34,25,15,,,,96
19880323NJNCLE,19880323,NJN,CLE,CLE,27,18,26,34,,,,105
19880323SACGSW,19880323,SAC,GSW,SAC,21,37,25,35,,,,118
19880323SACGSW,19880323,SAC,GSW,GSW,29,35,27,35,,,,126
19880323DENLAC,19880323,DEN,LAC,DEN,29,26,31,32,,,,118
19880323DENLAC,19880323,DEN,LAC,LAC,30,28,26,24,,,,108
19880323CHIPHI,19880323,CHI,PHI,CHI,34,21,31,32,,,,118
19880323CHIPHI,19880323,CHI,PHI,PHI,30,23,31,18,,,,102
19880323PORSEA,19880323,POR,SEA,POR,27,24,32,25,,,,108
19880323PORSEA,19880323,POR,SEA,SEA,21,32,35,30,,,,118
19880324NYKHOU,19880324,NYK,HOU,NYK,22,33,26,36,,,,117
19880324NYKHOU,19880324,NYK,HOU,HOU,39,31,28,36,,,,134
19880324MILPHO,19880324,MIL,PHO,MIL,30,24,27,33,,,,114
19880324MILPHO,19880324,MIL,PHO,PHO,32,27,29,31,,,,119
19880324SACUTA,19880324,SAC,UTA,SAC,24,28,20,25,,,,97
19880324SACUTA,19880324,SAC,UTA,UTA,22,35,24,36,,,,117
19880324ATLWSB,19880324,ATL,WSB,ATL,22,26,21,22,,,,91
19880324ATLWSB,19880324,ATL,WSB,WSB,18,25,29,22,,,,94
19880325PHIBOS,19880325,PHI,BOS,PHI,16,21,30,30,,,,97
19880325PHIBOS,19880325,PHI,BOS,BOS,35,29,20,9,,,,93
19880325CHICLE,19880325,CHI,CLE,CHI,30,25,25,21,10,,,111
19880325CHICLE,19880325,CHI,CLE,CLE,25,23,20,33,9,,,110
19880325PORDAL,19880325,POR,DAL,POR,28,23,26,24,,,,101
19880325PORDAL,19880325,POR,DAL,DAL,25,26,25,30,,,,106
19880325NJNIND,19880325,NJN,IND,NJN,29,23,24,24,,,,100
19880325NJNIND,19880325,NJN,IND,IND,32,24,18,27,,,,101
19880325GSWLAC,19880325,GSW,LAC,GSW,26,29,33,10,,,,98
19880325GSWLAC,19880325,GSW,LAC,LAC,24,32,38,19,,,,113
19880325DENLAL,19880325,DEN,LAL,DEN,39,19,28,34,,,,120
19880325DENLAL,19880325,DEN,LAL,LAL,29,34,31,25,,,,119
19880325DETSAS,19880325,DET,SAS,DET,24,31,33,18,,,,106
19880325DETSAS,19880325,DET,SAS,SAS,38,27,19,23,,,,107
19880326CLEATL,19880326,CLE,ATL,CLE,26,29,26,21,,,,102
19880326CLEATL,19880326,CLE,ATL,ATL,26,26,32,25,,,,109
19880326INDCHI,19880326,IND,CHI,IND,23,25,28,24,,,,100
19880326INDCHI,19880326,IND,CHI,CHI,31,25,27,26,,,,109
19880326SASDAL,19880326,SAS,DAL,SAS,24,35,21,32,,,,112
19880326SASDAL,19880326,SAS,DAL,DAL,43,25,28,35,,,,131
19880326DENGSW,19880326,DEN,GSW,DEN,38,28,34,31,,,,131
19880326DENGSW,19880326,DEN,GSW,GSW,27,36,19,26,,,,108
19880326PORHOU,19880326,POR,HOU,POR,30,26,25,28,,,,109
19880326PORHOU,19880326,POR,HOU,HOU,24,26,39,26,,,,115
19880326BOSNYK,19880326,BOS,NYK,BOS,38,35,19,26,,,,118
19880326BOSNYK,19880326,BOS,NYK,NYK,28,27,24,27,,,,106
19880326DETPHO,19880326,DET,PHO,DET,33,18,27,30,,,,108
19880326DETPHO,19880326,DET,PHO,PHO,22,28,30,23,,,,103
19880326LALSAC,19880326,LAL,SAC,LAL,18,27,28,19,,,,92
19880326LALSAC,19880326,LAL,SAC,SAC,29,26,28,31,,,,114
19880326LACSEA,19880326,LAC,SEA,LAC,24,29,20,25,,,,98
19880326LACSEA,19880326,LAC,SEA,SEA,31,32,26,42,,,,131
19880326MILUTA,19880326,MIL,UTA,MIL,28,33,24,22,,,,107
19880326MILUTA,19880326,MIL,UTA,UTA,25,34,23,23,,,,105
19880326NJNWSB,19880326,NJN,WSB,NJN,24,25,18,21,,,,88
19880326NJNWSB,19880326,NJN,WSB,WSB,25,33,17,24,,,,99
19880328DETLAC,19880328,DET,LAC,DET,29,28,29,14,,,,100
19880328DETLAC,19880328,DET,LAC,LAC,17,32,30,23,,,,102
19880328BOSNJN,19880328,BOS,NJN,BOS,24,28,25,29,,,,106
19880328BOSNJN,19880328,BOS,NJN,NJN,29,33,26,17,,,,105
19880328DALNYK,19880328,DAL,NYK,DAL,28,26,32,20,,,,106
19880328DALNYK,19880328,DAL,NYK,NYK,24,25,38,27,,,,114
19880328HOUPHI,19880328,HOU,PHI,HOU,22,23,17,36,,,,98
19880328HOUPHI,19880328,HOU,PHI,PHI,25,31,30,22,,,,108
19880329DALATL,19880329,DAL,ATL,DAL,24,24,30,28,,,,106
19880329DALATL,19880329,DAL,ATL,ATL,28,31,31,30,,,,120
19880329NYKCLE,19880329,NYK,CLE,NYK,27,29,16,31,,,,103
19880329NYKCLE,19880329,NYK,CLE,CLE,29,29,19,31,,,,108
19880329UTALAL,19880329,UTA,LAL,UTA,21,35,31,24,,,,111
19880329UTALAL,19880329,UTA,LAL,LAL,36,33,30,23,,,,122
19880329DENSAC,19880329,DEN,SAC,DEN,31,24,22,30,,,,107
19880329DENSAC,19880329,DEN,SAC,SAC,21,25,29,28,,,,103
19880329PORSAS,19880329,POR,SAS,POR,35,34,34,33,,,,136
19880329PORSAS,19880329,POR,SAS,SAS,28,31,33,21,,,,113
19880329CHISEA,19880329,CHI,SEA,CHI,26,24,22,31,,,,103
19880329CHISEA,19880329,CHI,SEA,SEA,34,24,27,21,,,,106
19880330HOUBOS,19880330,HOU,BOS,HOU,33,30,24,23,,,,110
19880330HOUBOS,19880330,HOU,BOS,BOS,34,26,30,27,,,,117
19880330ATLDET,19880330,ATL,DET,ATL,22,26,23,32,,,,103
19880330ATLDET,19880330,ATL,DET,DET,25,30,26,21,,,,102
19880330CHILAC,19880330,CHI,LAC,CHI,23,36,27,25,,,,111
19880330CHILAC,19880330,CHI,LAC,LAC,23,16,29,26,,,,94
19880330MILPHI,19880330,MIL,PHI,MIL,30,25,24,30,,,,109
19880330MILPHI,19880330,MIL,PHI,PHI,32,34,32,36,,,,134
19880330GSWPHO,19880330,GSW,PHO,GSW,25,21,35,24,,,,105
19880330GSWPHO,19880330,GSW,PHO,PHO,31,35,31,26,,,,123
19880330CLEWSB,19880330,CLE,WSB,CLE,35,29,13,30,,,,107
19880330CLEWSB,19880330,CLE,WSB,WSB,24,19,26,27,,,,96
19880331SACDEN,19880331,SAC,DEN,SAC,20,33,27,31,,,,111
19880331SACDEN,19880331,SAC,DEN,DEN,37,29,30,25,,,,121
19880331HOUIND,19880331,HOU,IND,HOU,28,29,22,23,,,,102
19880331HOUIND,19880331,HOU,IND,IND,30,32,23,15,,,,100
19880331NYKMIL,19880331,NYK,MIL,NYK,25,34,27,27,,,,113
19880331NYKMIL,19880331,NYK,MIL,MIL,31,30,16,26,,,,103
19880331SASSEA,19880331,SAS,SEA,SAS,28,29,31,29,,,,117
19880331SASSEA,19880331,SAS,SEA,SEA,33,27,18,37,,,,115
19880331GSWUTA,19880331,GSW,UTA,GSW,30,24,23,15,,,,92
19880331GSWUTA,19880331,GSW,UTA,UTA,24,34,30,27,,,,115
19880401DETBOS,19880401,DET,BOS,DET,27,27,31,25,,,,110
19880401DETBOS,19880401,DET,BOS,BOS,27,26,40,28,,,,121
19880401SASLAC,19880401,SAS,LAC,SAS,27,27,27,24,,,,105
19880401SASLAC,19880401,SAS,LAC,LAC,32,19,19,21,,,,91
19880401ATLPHI,19880401,ATL,PHI,ATL,25,24,28,28,,,,105
19880401ATLPHI,19880401,ATL,PHI,PHI,23,22,22,26,,,,93
19880401CHIPOR,19880401,CHI,POR,CHI,21,27,35,33,,,,116
19880401CHIPOR,19880401,CHI,POR,POR,25,28,21,27,,,,101
19880401DALWSB,19880401,DAL,WSB,DAL,30,15,36,22,,,,103
19880401DALWSB,19880401,DAL,WSB,WSB,28,28,30,32,,,,118
19880402INDCLE,19880402,IND,CLE,IND,29,20,19,26,,,,94
19880402INDCLE,19880402,IND,CLE,CLE,25,30,29,24,,,,108
19880402GSWDEN,19880402,GSW,DEN,GSW,30,26,20,31,,,,107
19880402GSWDEN,19880402,GSW,DEN,DEN,37,25,33,28,,,,123
19880402NJNMIL,19880402,NJN,MIL,NJN,42,21,23,25,,,,111
19880402NJNMIL,19880402,NJN,MIL,MIL,24,39,33,29,,,,125
19880402HOUNYK,19880402,HOU,NYK,HOU,20,25,28,25,,,,98
19880402HOUNYK,19880402,HOU,NYK,NYK,24,39,22,19,,,,104
19880402LACSAC,19880402,LAC,SAC,LAC,21,24,27,33,,,,105
19880402LACSAC,19880402,LAC,SAC,SAC,26,29,29,19,,,,103
19880402PHOSEA,19880402,PHO,SEA,PHO,26,30,23,28,,,,107
19880402PHOSEA,19880402,PHO,SEA,SEA,38,36,40,37,,,,151
19880402LALUTA,19880402,LAL,UTA,LAL,21,27,27,17,,,,92
19880402LALUTA,19880402,LAL,UTA,UTA,26,32,24,24,,,,106
19880403DALBOS,19880403,DAL,BOS,DAL,23,23,29,26,,,,101
19880403DALBOS,19880403,DAL,BOS,BOS,28,31,31,20,,,,110
19880403CHIDET,19880403,CHI,DET,CHI,30,33,30,19,,,,112
19880403CHIDET,19880403,CHI,DET,DET,33,33,26,18,,,,110
19880403ATLIND,19880403,ATL,IND,ATL,29,29,30,14,,,,102
19880403ATLIND,19880403,ATL,IND,IND,30,25,20,25,,,,100
19880403SACLAL,19880403,SAC,LAL,SAC,27,23,29,25,,,,104
19880403SACLAL,19880403,SAC,LAL,LAL,31,29,26,22,,,,108
19880403WSBNJN,19880403,WSB,NJN,WSB,33,27,16,29,,,,105
19880403WSBNJN,19880403,WSB,NJN,NJN,22,30,30,21,,,,103
19880403SASPOR,19880403,SAS,POR,SAS,26,33,22,26,,,,107
19880403SASPOR,19880403,SAS,POR,POR,35,24,19,32,,,,110
19880405MILATL,19880405,MIL,ATL,MIL,27,34,16,33,,,,110
19880405MILATL,19880405,MIL,ATL,ATL,42,31,20,28,,,,121
19880405WSBCHI,19880405,WSB,CHI,WSB,21,30,28,26,,,,105
19880405WSBCHI,19880405,WSB,CHI,CHI,21,21,28,24,,,,94
19880405SASGSW,19880405,SAS,GSW,SAS,33,29,30,25,,,,117
19880405SASGSW,19880405,SAS,GSW,GSW,28,21,33,22,,,,104
19880405DENHOU,19880405,DEN,HOU,DEN,24,21,34,31,,,,110
19880405DENHOU,19880405,DEN,HOU,HOU,25,29,24,19,,,,97
19880405CLEIND,19880405,CLE,IND,CLE,28,28,22,27,,,,105
19880405CLEIND,19880405,CLE,IND,IND,23,24,31,28,,,,106
19880405SEALAL,19880405,SEA,LAL,SEA,27,21,16,26,,,,90
19880405SEALAL,19880405,SEA,LAL,LAL,18,23,23,30,,,,94
19880405DETNJN,19880405,DET,NJN,DET,19,27,32,29,,,,107
19880405DETNJN,19880405,DET,NJN,NJN,20,21,19,35,,,,95
